Time,PidCount,Pids,TotalWS_MB,SysFreeMB,MainLogLen,WerFault
2026-07-31 02:21:35,12,7416 11824 14980 17604 18572 19024 21076 22892 24116 25012 27224 28660,2113,21144,0,
2026-07-31 02:21:50,12,7416 11824 14980 17604 18572 19024 21076 22892 24116 25012 27224 28660,1979,21290,0,
2026-07-31 02:22:05,12,7416 11824 14980 17604 18572 19024 21076 22892 24116 25012 27224 28660,1985,21290,0,
2026-07-31 02:22:20,12,7416 11824 14980 17604 18572 19024 21076 22892 24116 25012 27224 28660,1970,21295,0,
2026-07-31 02:22:35,12,7416 11824 14980 17604 18572 19024 21076 22892 24116 25012 27224 28660,1984,21277,0,
2026-07-31 02:22:50,12,7416 11824 14980 17604 18572 19024 21076 22892 24116 25012 27224 28660,1975,21290,0,
2026-07-31 02:23:05,12,7416 11824 14980 17604 18572 19024 21076 22892 24116 25012 27224 28660,2028,21336,0,
2026-07-31 02:23:20,12,7416 11824 14980 17604 18572 19024 21076 22892 24116 25012 27224 28660,2024,21342,0,
2026-07-31 02:23:35,12,7416 11824 14980 17604 18572 19024 21076 22892 24116 25012 27224 28660,1995,21350,0,
2026-07-31 02:23:50,12,7416 11824 14980 17604 18572 19024 21076 22892 24116 25012 27224 28660,1975,21374,0,
2026-07-31 02:24:05,12,7416 11824 14980 17604 18572 19024 21076 22892 24116 25012 27224 28660,2035,21312,0,
2026-07-31 02:24:20,12,7416 11824 14980 17604 18572 19024 21076 22892 24116 25012 27224 28660,1979,21374,0,
2026-07-31 02:24:36,12,7416 11824 14980 17604 18572 19024 21076 22892 24116 25012 27224 28660,1978,21374,0,
2026-07-31 02:24:51,12,7416 11824 14980 17604 18572 19024 21076 22892 24116 25012 27224 28660,2078,21254,0,
2026-07-31 02:25:06,12,7416 11824 14980 17604 18572 19024 21076 22892 24116 25012 27224 28660,2177,21169,0,
2026-07-31 02:25:33,12,7416 11824 14980 17604 18572 19024 21076 22892 24116 25012 27224 28660,2155,21167,-2,
2026-07-31 02:25:48,12,7416 11824 14980 17604 18572 19024 21076 22892 24116 25012 27224 28660,2006,21316,-2,
2026-07-31 02:26:03,12,7416 11824 14980 17604 18572 19024 21076 22892 24116 25012 27224 28660,2007,21323,-2,
2026-07-31 02:26:18,12,7416 11824 14980 17604 18572 19024 21076 22892 24116 25012 27224 28660,2017,21301,-2,
2026-07-31 02:26:33,12,7416 11824 14980 17604 18572 19024 21076 22892 24116 25012 27224 28660,2034,21288,-2,
2026-07-31 02:26:48,12,7416 11824 14980 17604 18572 19024 21076 22892 24116 25012 27224 28660,2027,21297,-2,
2026-07-31 02:27:03,12,7416 11824 14980 17604 18572 19024 21076 22892 24116 25012 27224 28660,2046,21281,-2,
2026-07-31 02:27:18,12,7416 11824 14980 17604 18572 19024 21076 22892 24116 25012 27224 28660,2043,21283,-2,
2026-07-31 02:27:33,12,7416 11824 14980 17604 18572 19024 21076 22892 24116 25012 27224 28660,2004,21324,-2,
2026-07-31 02:27:48,12,7416 11824 14980 17604 18572 19024 21076 22892 24116 25012 27224 28660,1985,21348,-2,
2026-07-31 02:28:04,12,7416 11824 14980 17604 18572 19024 21076 22892 24116 25012 27224 28660,2038,21306,-2,
2026-07-31 02:28:19,12,7416 11824 14980 17604 18572 19024 21076 22892 24116 25012 27224 28660,2140,21197,-2,
2026-07-31 02:28:34,12,7416 11824 14980 17604 18572 19024 21076 22892 24116 25012 27224 28660,2019,21321,-2,
2026-07-31 02:28:49,12,7416 11824 14980 17604 18572 19024 21076 22892 24116 25012 27224 28660,2169,21138,-2,
2026-07-31 02:29:04,12,7416 11824 14980 17604 18572 19024 21076 22892 24116 25012 27224 28660,2031,21290,-2,
2026-07-31 02:29:19,12,7416 11824 14980 17604 18572 19024 21076 22892 24116 25012 27224 28660,2031,21293,-2,
2026-07-31 02:29:34,12,7416 11824 14980 17604 18572 19024 21076 22892 24116 25012 27224 28660,2026,21299,-2,
2026-07-31 02:29:49,12,7416 11824 14980 17604 18572 19024 21076 22892 24116 25012 27224 28660,2017,21307,-2,
2026-07-31 02:30:04,12,7416 11824 14980 17604 18572 19024 21076 22892 24116 25012 27224 28660,2012,21312,-2,
2026-07-31 02:30:19,12,7416 11824 14980 17604 18572 19024 21076 22892 24116 25012 27224 28660,2012,21315,-2,
2026-07-31 02:30:34,12,7416 11824 14980 17604 18572 19024 21076 22892 24116 25012 27224 28660,2012,21265,-2,
2026-07-31 02:30:49,12,7416 11824 14980 17604 18572 19024 21076 22892 24116 25012 27224 28660,2012,21291,-2,
2026-07-31 02:31:04,12,7416 11824 14980 17604 18572 19024 21076 22892 24116 25012 27224 28660,2011,21291,-2,
2026-07-31 02:31:19,12,7416 11824 14980 17604 18572 19024 21076 22892 24116 25012 27224 28660,2011,21296,-2,
2026-07-31 02:31:34,12,7416 11824 14980 17604 18572 19024 21076 22892 24116 25012 27224 28660,2013,21297,-2,
2026-07-31 02:31:49,12,7416 11824 14980 17604 18572 19024 21076 22892 24116 25012 27224 28660,2011,21310,-2,
2026-07-31 02:32:05,12,7416 11824 14980 17604 18572 19024 21076 22892 24116 25012 27224 28660,2011,21311,-2,
2026-07-31 02:32:20,12,7416 11824 14980 17604 18572 19024 21076 22892 24116 25012 27224 28660,2011,21312,-2,
2026-07-31 02:32:35,12,7416 11824 14980 17604 18572 19024 21076 22892 24116 25012 27224 28660,2011,21315,-2,
2026-07-31 02:32:50,12,7416 11824 14980 17604 18572 19024 21076 22892 24116 25012 27224 28660,2011,21316,-2,
2026-07-31 02:33:05,12,7416 11824 14980 17604 18572 19024 21076 22892 24116 25012 27224 28660,2028,21294,-2,
2026-07-31 02:33:20,12,7416 11824 14980 17604 18572 19024 21076 22892 24116 25012 27224 28660,1999,21318,-2,
2026-07-31 02:40:40,16,7416 11824 14980 16744 17604 18572 18684 19024 20328 21076 22892 24116 25012 27224 27724 28660,2823,20977,-3,
2026-07-31 02:40:55,16,7416 11824 14980 16744 17604 18572 18684 19024 20328 21076 22892 24116 25012 27224 27724 28660,2817,20983,-3,
2026-07-31 02:41:10,16,7416 11824 14980 16744 17604 18572 18684 19024 20328 21076 22892 24116 25012 27224 27724 28660,2832,20970,-3,
2026-07-31 02:41:26,16,7416 11824 14980 16744 17604 18572 18684 19024 20328 21076 22892 24116 25012 27224 27724 28660,2828,20970,-3,
2026-07-31 02:41:41,16,7416 11824 14980 16744 17604 18572 18684 19024 20328 21076 22892 24116 25012 27224 27724 28660,2793,21012,-3,
2026-07-31 02:42:04,16,7416 11824 14980 16744 17604 18572 18684 19024 20328 21076 22892 24116 25012 27224 27724 28660,2807,20964,-3,
2026-07-31 02:42:20,16,7416 11824 14980 16744 17604 18572 18684 19024 20328 21076 22892 24116 25012 27224 27724 28660,2821,20956,-3,
2026-07-31 02:42:35,16,7416 11824 14980 16744 17604 18572 18684 19024 20328 21076 22892 24116 25012 27224 27724 28660,2789,20988,-3,
2026-07-31 02:42:50,16,7416 11824 14980 16744 17604 18572 18684 19024 20328 21076 22892 24116 25012 27224 27724 28660,2799,20970,-3,
2026-07-31 02:43:05,16,7416 11824 14980 16744 17604 18572 18684 19024 20328 21076 22892 24116 25012 27224 27724 28660,2763,21008,-3,
2026-07-31 02:43:20,16,7416 11824 14980 16744 17604 18572 18684 19024 20328 21076 22892 24116 25012 27224 27724 28660,2795,20978,-3,
2026-07-31 02:43:35,16,7416 11824 14980 16744 17604 18572 18684 19024 20328 21076 22892 24116 25012 27224 27724 28660,2756,21020,-3,
2026-07-31 02:43:50,16,7416 11824 14980 16744 17604 18572 18684 19024 20328 21076 22892 24116 25012 27224 27724 28660,2776,21003,-3,
2026-07-31 02:44:05,16,7416 11824 14980 16744 17604 18572 18684 19024 20328 21076 22892 24116 25012 27224 27724 28660,2773,21007,-3,
2026-07-31 02:44:20,16,7416 11824 14980 16744 17604 18572 18684 19024 20328 21076 22892 24116 25012 27224 27724 28660,2800,20984,-3,
2026-07-31 02:44:35,16,7416 11824 14980 16744 17604 18572 18684 19024 20328 21076 22892 24116 25012 27224 27724 28660,2772,21009,-3,
2026-07-31 02:44:50,16,7416 11824 14980 16744 17604 18572 18684 19024 20328 21076 22892 24116 25012 27224 27724 28660,2805,20978,-3,
2026-07-31 02:45:05,16,7416 11824 14980 16744 17604 18572 18684 19024 20328 21076 22892 24116 25012 27224 27724 28660,2804,20960,-3,
2026-07-31 02:45:20,16,7416 11824 14980 16744 17604 18572 18684 19024 20328 21076 22892 24116 25012 27224 27724 28660,2740,21030,-3,
2026-07-31 02:45:35,16,7416 11824 14980 16744 17604 18572 18684 19024 20328 21076 22892 24116 25012 27224 27724 28660,2716,21041,-3,
2026-07-31 02:45:51,16,7416 11824 14980 16744 17604 18572 18684 19024 20328 21076 22892 24116 25012 27224 27724 28660,2703,21069,-3,
2026-07-31 02:46:06,16,7416 11824 14980 16744 17604 18572 18684 19024 20328 21076 22892 24116 25012 27224 27724 28660,2702,21074,-3,
2026-07-31 02:46:21,16,7416 11824 14980 16744 17604 18572 18684 19024 20328 21076 22892 24116 25012 27224 27724 28660,2741,21033,-3,
2026-07-31 02:46:36,16,7416 11824 14980 16744 17604 18572 18684 19024 20328 21076 22892 24116 25012 27224 27724 28660,2715,21055,-3,
2026-07-31 02:46:51,16,7416 11824 14980 16744 17604 18572 18684 19024 20328 21076 22892 24116 25012 27224 27724 28660,2732,21030,-3,
2026-07-31 02:47:06,16,7416 11824 14980 16744 17604 18572 18684 19024 20328 21076 22892 24116 25012 27224 27724 28660,2746,21019,-3,
2026-07-31 02:47:21,16,7416 11824 14980 16744 17604 18572 18684 19024 20328 21076 22892 24116 25012 27224 27724 28660,2818,20950,-3,
2026-07-31 02:47:36,16,7416 11824 14980 16744 17604 18572 18684 19024 20328 21076 22892 24116 25012 27224 27724 28660,2799,20969,-3,
2026-07-31 02:47:51,16,7416 11824 14980 16744 17604 18572 18684 19024 20328 21076 22892 24116 25012 27224 27724 28660,2804,20970,-3,
2026-07-31 02:48:06,16,7416 11824 14980 16744 17604 18572 18684 19024 20328 21076 22892 24116 25012 27224 27724 28660,2798,20982,-3,
2026-07-31 02:48:21,16,7416 11824 14980 16744 17604 18572 18684 19024 20328 21076 22892 24116 25012 27224 27724 28660,2732,21045,-3,
2026-07-31 02:48:36,16,7416 11824 14980 16744 17604 18572 18684 19024 20328 21076 22892 24116 25012 27224 27724 28660,2715,21064,-3,
2026-07-31 02:48:51,16,7416 11824 14980 16744 17604 18572 18684 19024 20328 21076 22892 24116 25012 27224 27724 28660,2711,21072,-3,
2026-07-31 02:49:07,16,7416 11824 14980 16744 17604 18572 18684 19024 20328 21076 22892 24116 25012 27224 27724 28660,2682,21098,-3,
2026-07-31 02:49:22,16,7416 11824 14980 16744 17604 18572 18684 19024 20328 21076 22892 24116 25012 27224 27724 28660,2683,21102,-3,
2026-07-31 02:49:37,16,7416 11824 14980 16744 17604 18572 18684 19024 20328 21076 22892 24116 25012 27224 27724 28660,2686,21097,-3,
2026-07-31 02:49:52,16,7416 11824 14980 16744 17604 18572 18684 19024 20328 21076 22892 24116 25012 27224 27724 28660,2675,21104,-3,
2026-07-31 02:50:07,16,7416 11824 14980 16744 17604 18572 18684 19024 20328 21076 22892 24116 25012 27224 27724 28660,2680,21104,-3,
2026-07-31 02:50:22,16,7416 11824 14980 16744 17604 18572 18684 19024 20328 21076 22892 24116 25012 27224 27724 28660,2675,21105,-3,
2026-07-31 02:50:37,16,7416 11824 14980 16744 17604 18572 18684 19024 20328 21076 22892 24116 25012 27224 27724 28660,2679,21104,-3,
2026-07-31 02:50:52,16,7416 11824 14980 16744 17604 18572 18684 19024 20328 21076 22892 24116 25012 27224 27724 28660,2685,21084,-3,
2026-07-31 02:51:07,16,7416 11824 14980 16744 17604 18572 18684 19024 20328 21076 22892 24116 25012 27224 27724 28660,2674,21098,-3,
2026-07-31 02:51:22,16,7416 11824 14980 16744 17604 18572 18684 19024 20328 21076 22892 24116 25012 27224 27724 28660,2673,21107,-3,
2026-07-31 02:51:37,16,7416 11824 14980 16744 17604 18572 18684 19024 20328 21076 22892 24116 25012 27224 27724 28660,2676,21104,-3,
2026-07-31 02:51:52,16,7416 11824 14980 16744 17604 18572 18684 19024 20328 21076 22892 24116 25012 27224 27724 28660,2683,21094,-3,
2026-07-31 02:52:07,16,7416 11824 14980 16744 17604 18572 18684 19024 20328 21076 22892 24116 25012 27224 27724 28660,2700,21076,-3,
2026-07-31 02:52:22,16,7416 11824 14980 16744 17604 18572 18684 19024 20328 21076 22892 24116 25012 27224 27724 28660,2697,21085,-3,
2026-07-31 02:52:37,16,7416 11824 14980 16744 17604 18572 18684 19024 20328 21076 22892 24116 25012 27224 27724 28660,2697,21087,-3,
2026-07-31 02:52:53,16,7416 11824 14980 16744 17604 18572 18684 19024 20328 21076 22892 24116 25012 27224 27724 28660,2725,21062,-3,
2026-07-31 02:53:08,16,7416 11824 14980 16744 17604 18572 18684 19024 20328 21076 22892 24116 25012 27224 27724 28660,2759,21014,-3,
2026-07-31 02:53:23,16,7416 11824 14980 16744 17604 18572 18684 19024 20328 21076 22892 24116 25012 27224 27724 28660,2754,21022,-3,
2026-07-31 02:53:38,16,7416 11824 14980 16744 17604 18572 18684 19024 20328 21076 22892 24116 25012 27224 27724 28660,2753,21032,-3,
2026-07-31 02:53:53,16,7416 11824 14980 16744 17604 18572 18684 19024 20328 21076 22892 24116 25012 27224 27724 28660,2750,21034,-3,
2026-07-31 02:54:08,16,7416 11824 14980 16744 17604 18572 18684 19024 20328 21076 22892 24116 25012 27224 27724 28660,2756,21026,-3,
2026-07-31 02:54:23,16,7416 11824 14980 16744 17604 18572 18684 19024 20328 21076 22892 24116 25012 27224 27724 28660,2773,21012,-3,
2026-07-31 02:54:38,16,7416 11824 14980 16744 17604 18572 18684 19024 20328 21076 22892 24116 25012 27224 27724 28660,2770,21012,-3,
2026-07-31 02:54:53,16,7416 11824 14980 16744 17604 18572 18684 19024 20328 21076 22892 24116 25012 27224 27724 28660,2774,21009,-3,
2026-07-31 02:55:08,16,7416 11824 14980 16744 17604 18572 18684 19024 20328 21076 22892 24116 25012 27224 27724 28660,2763,20961,-3,
2026-07-31 02:55:23,16,7416 11824 14980 16744 17604 18572 18684 19024 20328 21076 22892 24116 25012 27224 27724 28660,2762,20976,-3,
2026-07-31 02:55:38,16,7416 11824 14980 16744 17604 18572 18684 19024 20328 21076 22892 24116 25012 27224 27724 28660,2754,20981,-3,
2026-07-31 02:55:53,16,7416 11824 14980 16744 17604 18572 18684 19024 20328 21076 22892 24116 25012 27224 27724 28660,2757,20980,-3,
2026-07-31 02:56:08,16,7416 11824 14980 16744 17604 18572 18684 19024 20328 21076 22892 24116 25012 27224 27724 28660,2758,20980,-3,
2026-07-31 02:56:23,16,7416 11824 14980 16744 17604 18572 18684 19024 20328 21076 22892 24116 25012 27224 27724 28660,2733,21001,-3,
2026-07-31 02:56:39,16,7416 11824 14980 16744 17604 18572 18684 19024 20328 21076 22892 24116 25012 27224 27724 28660,2736,21001,-3,
2026-07-31 02:56:54,16,7416 11824 14980 16744 17604 18572 18684 19024 20328 21076 22892 24116 25012 27224 27724 28660,2707,21025,-3,
2026-07-31 02:57:09,16,7416 11824 14980 16744 17604 18572 18684 19024 20328 21076 22892 24116 25012 27224 27724 28660,2705,21029,-3,
2026-07-31 02:57:24,16,7416 11824 14980 16744 17604 18572 18684 19024 20328 21076 22892 24116 25012 27224 27724 28660,2698,21034,-3,
2026-07-31 02:57:39,16,7416 11824 14980 16744 17604 18572 18684 19024 20328 21076 22892 24116 25012 27224 27724 28660,2677,21057,-3,
2026-07-31 02:57:54,16,7416 11824 14980 16744 17604 18572 18684 19024 20328 21076 22892 24116 25012 27224 27724 28660,2679,21053,-3,
2026-07-31 02:58:09,16,7416 11824 14980 16744 17604 18572 18684 19024 20328 21076 22892 24116 25012 27224 27724 28660,2677,21039,-3,
2026-07-31 02:58:24,16,7416 11824 14980 16744 17604 18572 18684 19024 20328 21076 22892 24116 25012 27224 27724 28660,2680,21038,-3,
2026-07-31 02:58:39,16,7416 11824 14980 16744 17604 18572 18684 19024 20328 21076 22892 24116 25012 27224 27724 28660,2677,21051,-3,
2026-07-31 02:58:54,16,7416 11824 14980 16744 17604 18572 18684 19024 20328 21076 22892 24116 25012 27224 27724 28660,2679,21047,-3,
2026-07-31 02:59:09,16,7416 11824 14980 16744 17604 18572 18684 19024 20328 21076 22892 24116 25012 27224 27724 28660,2679,21050,-3,
2026-07-31 02:59:24,16,7416 11824 14980 16744 17604 18572 18684 19024 20328 21076 22892 24116 25012 27224 27724 28660,2678,21059,-3,
2026-07-31 02:59:39,16,7416 11824 14980 16744 17604 18572 18684 19024 20328 21076 22892 24116 25012 27224 27724 28660,2680,21062,-3,
2026-07-31 02:59:54,16,7416 11824 14980 16744 17604 18572 18684 19024 20328 21076 22892 24116 25012 27224 27724 28660,2678,21046,-3,
2026-07-31 03:00:09,16,7416 11824 14980 16744 17604 18572 18684 19024 20328 21076 22892 24116 25012 27224 27724 28660,2679,21052,-3,
2026-07-31 03:00:25,16,7416 11824 14980 16744 17604 18572 18684 19024 20328 21076 22892 24116 25012 27224 27724 28660,2685,21099,-3,
2026-07-31 03:00:40,16,7416 11824 14980 16744 17604 18572 18684 19024 20328 21076 22892 24116 25012 27224 27724 28660,2686,21038,-3,
2026-07-31 03:00:55,16,7416 11824 14980 16744 17604 18572 18684 19024 20328 21076 22892 24116 25012 27224 27724 28660,2680,21044,-3,
2026-07-31 03:01:10,16,7416 11824 14980 16744 17604 18572 18684 19024 20328 21076 22892 24116 25012 27224 27724 28660,2675,21063,-3,
2026-07-31 03:01:25,16,7416 11824 14980 16744 17604 18572 18684 19024 20328 21076 22892 24116 25012 27224 27724 28660,2685,21062,-3,
2026-07-31 03:01:40,16,7416 11824 14980 16744 17604 18572 18684 19024 20328 21076 22892 24116 25012 27224 27724 28660,2687,21057,-3,
2026-07-31 03:01:55,16,7416 11824 14980 16744 17604 18572 18684 19024 20328 21076 22892 24116 25012 27224 27724 28660,2680,21056,-3,
2026-07-31 03:02:10,16,7416 11824 14980 16744 17604 18572 18684 19024 20328 21076 22892 24116 25012 27224 27724 28660,2677,21061,-3,
2026-07-31 03:02:25,16,7416 11824 14980 16744 17604 18572 18684 19024 20328 21076 22892 24116 25012 27224 27724 28660,2678,21063,-3,
2026-07-31 03:02:40,16,7416 11824 14980 16744 17604 18572 18684 19024 20328 21076 22892 24116 25012 27224 27724 28660,2688,21055,-3,
2026-07-31 03:02:55,16,7416 11824 14980 16744 17604 18572 18684 19024 20328 21076 22892 24116 25012 27224 27724 28660,2685,21057,-3,
2026-07-31 03:03:10,16,7416 11824 14980 16744 17604 18572 18684 19024 20328 21076 22892 24116 25012 27224 27724 28660,2729,21017,-3,
2026-07-31 03:03:25,16,7416 11824 14980 16744 17604 18572 18684 19024 20328 21076 22892 24116 25012 27224 27724 28660,2765,21088,-3,
2026-07-31 03:03:40,16,7416 11824 14980 16744 17604 18572 18684 19024 20328 21076 22892 24116 25012 27224 27724 28660,2736,21066,-3,
2026-07-31 03:03:55,16,7416 11824 14980 16744 17604 18572 18684 19024 20328 21076 22892 24116 25012 27224 27724 28660,2783,21021,-3,
2026-07-31 03:04:11,16,7416 11824 14980 16744 17604 18572 18684 19024 20328 21076 22892 24116 25012 27224 27724 28660,2782,21032,-3,
2026-07-31 03:04:26,16,7416 11824 14980 16744 17604 18572 18684 19024 20328 21076 22892 24116 25012 27224 27724 28660,2790,21014,-3,
2026-07-31 03:04:41,16,7416 11824 14980 16744 17604 18572 18684 19024 20328 21076 22892 24116 25012 27224 27724 28660,2754,21052,-3,
2026-07-31 03:04:56,16,7416 11824 14980 16744 17604 18572 18684 19024 20328 21076 22892 24116 25012 27224 27724 28660,2780,21029,-3,
2026-07-31 03:05:11,16,7416 11824 14980 16744 17604 18572 18684 19024 20328 21076 22892 24116 25012 27224 27724 28660,2778,21031,-3,
2026-07-31 03:05:26,16,7416 11824 14980 16744 17604 18572 18684 19024 20328 21076 22892 24116 25012 27224 27724 28660,2803,21020,-3,
2026-07-31 03:05:41,16,7416 11824 14980 16744 17604 18572 18684 19024 20328 21076 22892 24116 25012 27224 27724 28660,2734,21076,-3,
2026-07-31 03:05:56,16,7416 11824 14980 16744 17604 18572 18684 19024 20328 21076 22892 24116 25012 27224 27724 28660,2761,21047,-3,
2026-07-31 03:06:11,16,7416 11824 14980 16744 17604 18572 18684 19024 20328 21076 22892 24116 25012 27224 27724 28660,2726,21087,-3,
2026-07-31 03:06:26,16,7416 11824 14980 16744 17604 18572 18684 19024 20328 21076 22892 24116 25012 27224 27724 28660,2748,21067,-3,
2026-07-31 03:06:41,16,7416 11824 14980 16744 17604 18572 18684 19024 20328 21076 22892 24116 25012 27224 27724 28660,2703,21104,-3,
2026-07-31 03:06:56,16,7416 11824 14980 16744 17604 18572 18684 19024 20328 21076 22892 24116 25012 27224 27724 28660,2716,21090,-3,
2026-07-31 03:07:11,16,7416 11824 14980 16744 17604 18572 18684 19024 20328 21076 22892 24116 25012 27224 27724 28660,2711,21096,-3,
2026-07-31 03:07:26,16,7416 11824 14980 16744 17604 18572 18684 19024 20328 21076 22892 24116 25012 27224 27724 28660,2742,21066,-3,
2026-07-31 03:07:41,16,7416 11824 14980 16744 17604 18572 18684 19024 20328 21076 22892 24116 25012 27224 27724 28660,2708,21103,-3,
2026-07-31 03:07:56,16,7416 11824 14980 16744 17604 18572 18684 19024 20328 21076 22892 24116 25012 27224 27724 28660,2774,20927,-3,
2026-07-31 03:08:12,16,7416 11824 14980 16744 17604 18572 18684 19024 20328 21076 22892 24116 25012 27224 27724 28660,2794,20921,-3,
2026-07-31 03:08:27,16,7416 11824 14980 16744 17604 18572 18684 19024 20328 21076 22892 24116 25012 27224 27724 28660,2808,20223,-3,
2026-07-31 03:08:42,16,7416 11824 14980 16744 17604 18572 18684 19024 20328 21076 22892 24116 25012 27224 27724 28660,2804,20850,-3,
2026-07-31 03:08:57,16,7416 11824 14980 16744 17604 18572 18684 19024 20328 21076 22892 24116 25012 27224 27724 28660,2805,20841,-3,
2026-07-31 03:09:12,16,7416 11824 14980 16744 17604 18572 18684 19024 20328 21076 22892 24116 25012 27224 27724 28660,2799,20866,-3,
2026-07-31 03:09:27,16,7416 11824 14980 16744 17604 18572 18684 19024 20328 21076 22892 24116 25012 27224 27724 28660,2832,20822,-3,
2026-07-31 03:09:42,16,7416 11824 14980 16744 17604 18572 18684 19024 20328 21076 22892 24116 25012 27224 27724 28660,2757,20940,-3,
2026-07-31 03:09:57,16,7416 11824 14980 16744 17604 18572 18684 19024 20328 21076 22892 24116 25012 27224 27724 28660,2777,20903,-3,
2026-07-31 03:10:12,16,7416 11824 14980 16744 17604 18572 18684 19024 20328 21076 22892 24116 25012 27224 27724 28660,2774,20937,-3,
2026-07-31 03:10:27,16,7416 11824 14980 16744 17604 18572 18684 19024 20328 21076 22892 24116 25012 27224 27724 28660,2740,20961,-3,
2026-07-31 03:10:42,16,7416 11824 14980 16744 17604 18572 18684 19024 20328 21076 22892 24116 25012 27224 27724 28660,2700,21033,-3,
2026-07-31 03:10:57,16,7416 11824 14980 16744 17604 18572 18684 19024 20328 21076 22892 24116 25012 27224 27724 28660,2715,20999,-3,
2026-07-31 03:11:12,16,7416 11824 14980 16744 17604 18572 18684 19024 20328 21076 22892 24116 25012 27224 27724 28660,2712,21000,-3,
2026-07-31 03:11:27,16,7416 11824 14980 16744 17604 18572 18684 19024 20328 21076 22892 24116 25012 27224 27724 28660,2715,20996,-3,
2026-07-31 03:11:42,16,7416 11824 14980 16744 17604 18572 18684 19024 20328 21076 22892 24116 25012 27224 27724 28660,2699,21014,-3,
2026-07-31 03:11:57,16,7416 11824 14980 16744 17604 18572 18684 19024 20328 21076 22892 24116 25012 27224 27724 28660,2701,21014,-3,
2026-07-31 03:12:12,16,7416 11824 14980 16744 17604 18572 18684 19024 20328 21076 22892 24116 25012 27224 27724 28660,2757,20957,-3,
2026-07-31 03:12:28,16,7416 11824 14980 16744 17604 18572 18684 19024 20328 21076 22892 24116 25012 27224 27724 28660,2790,20929,-3,
2026-07-31 03:12:43,16,7416 11824 14980 16744 17604 18572 18684 19024 20328 21076 22892 24116 25012 27224 27724 28660,2785,20930,-3,
2026-07-31 03:12:58,16,7416 11824 14980 16744 17604 18572 18684 19024 20328 21076 22892 24116 25012 27224 27724 28660,2776,20936,-3,
2026-07-31 03:13:13,16,7416 11824 14980 16744 17604 18572 18684 19024 20328 21076 22892 24116 25012 27224 27724 28660,2796,20917,-3,
2026-07-31 03:13:28,16,7416 11824 14980 16744 17604 18572 18684 19024 20328 21076 22892 24116 25012 27224 27724 28660,2733,20977,-3,
2026-07-31 03:13:43,16,7416 11824 14980 16744 17604 18572 18684 19024 20328 21076 22892 24116 25012 27224 27724 28660,2730,20984,-3,
2026-07-31 03:13:58,16,7416 11824 14980 16744 17604 18572 18684 19024 20328 21076 22892 24116 25012 27224 27724 28660,2708,21016,-3,
2026-07-31 03:14:13,16,7416 11824 14980 16744 17604 18572 18684 19024 20328 21076 22892 24116 25012 27224 27724 28660,2700,21029,-3,
2026-07-31 03:14:28,16,7416 11824 14980 16744 17604 18572 18684 19024 20328 21076 22892 24116 25012 27224 27724 28660,2693,21040,-3,
2026-07-31 03:14:43,16,7416 11824 14980 16744 17604 18572 18684 19024 20328 21076 22892 24116 25012 27224 27724 28660,2715,21009,-3,
2026-07-31 03:14:58,16,7416 11824 14980 16744 17604 18572 18684 19024 20328 21076 22892 24116 25012 27224 27724 28660,2713,21017,-3,
2026-07-31 03:15:13,16,7416 11824 14980 16744 17604 18572 18684 19024 20328 21076 22892 24116 25012 27224 27724 28660,2704,21013,-3,
2026-07-31 03:15:28,16,7416 11824 14980 16744 17604 18572 18684 19024 20328 21076 22892 24116 25012 27224 27724 28660,2697,21016,-3,
2026-07-31 03:15:43,16,7416 11824 14980 16744 17604 18572 18684 19024 20328 21076 22892 24116 25012 27224 27724 28660,2719,20988,-3,
2026-07-31 03:15:58,16,7416 11824 14980 16744 17604 18572 18684 19024 20328 21076 22892 24116 25012 27224 27724 28660,2714,21011,-3,
2026-07-31 03:16:14,16,7416 11824 14980 16744 17604 18572 18684 19024 20328 21076 22892 24116 25012 27224 27724 28660,2737,20988,-3,
2026-07-31 03:16:29,16,7416 11824 14980 16744 17604 18572 18684 19024 20328 21076 22892 24116 25012 27224 27724 28660,2703,21030,-3,
2026-07-31 03:16:44,16,7416 11824 14980 16744 17604 18572 18684 19024 20328 21076 22892 24116 25012 27224 27724 28660,2739,20979,-3,
2026-07-31 03:16:59,16,7416 11824 14980 16744 17604 18572 18684 19024 20328 21076 22892 24116 25012 27224 27724 28660,2758,20965,-3,
2026-07-31 03:17:14,16,7416 11824 14980 16744 17604 18572 18684 19024 20328 21076 22892 24116 25012 27224 27724 28660,2768,20940,-3,
2026-07-31 03:17:29,16,7416 11824 14980 16744 17604 18572 18684 19024 20328 21076 22892 24116 25012 27224 27724 28660,2780,20928,-3,
2026-07-31 03:17:44,16,7416 11824 14980 16744 17604 18572 18684 19024 20328 21076 22892 24116 25012 27224 27724 28660,2812,20881,-3,
2026-07-31 03:17:59,16,7416 11824 14980 16744 17604 18572 18684 19024 20328 21076 22892 24116 25012 27224 27724 28660,2811,20905,-3,
2026-07-31 03:18:14,16,7416 11824 14980 16744 17604 18572 18684 19024 20328 21076 22892 24116 25012 27224 27724 28660,2814,20893,-3,
2026-07-31 03:18:29,16,7416 11824 14980 16744 17604 18572 18684 19024 20328 21076 22892 24116 25012 27224 27724 28660,2804,20928,-3,
2026-07-31 03:18:44,16,7416 11824 14980 16744 17604 18572 18684 19024 20328 21076 22892 24116 25012 27224 27724 28660,2816,20943,-3,
2026-07-31 03:18:59,16,7416 11824 14980 16744 17604 18572 18684 19024 20328 21076 22892 24116 25012 27224 27724 28660,2798,20946,-3,
2026-07-31 03:19:14,16,7416 11824 14980 16744 17604 18572 18684 19024 20328 21076 22892 24116 25012 27224 27724 28660,2787,20965,-3,
2026-07-31 03:19:29,16,7416 11824 14980 16744 17604 18572 18684 19024 20328 21076 22892 24116 25012 27224 27724 28660,2814,20943,-3,
2026-07-31 03:19:45,16,7416 11824 14980 16744 17604 18572 18684 19024 20328 21076 22892 24116 25012 27224 27724 28660,2811,20946,-3,
2026-07-31 03:20:00,16,7416 11824 14980 16744 17604 18572 18684 19024 20328 21076 22892 24116 25012 27224 27724 28660,2786,20965,-3,
2026-07-31 03:20:15,16,7416 11824 14980 16744 17604 18572 18684 19024 20328 21076 22892 24116 25012 27224 27724 28660,2791,20965,-3,
2026-07-31 03:20:30,16,7416 11824 14980 16744 17604 18572 18684 19024 20328 21076 22892 24116 25012 27224 27724 28660,2793,20964,-3,
2026-07-31 03:20:45,16,7416 11824 14980 16744 17604 18572 18684 19024 20328 21076 22892 24116 25012 27224 27724 28660,2719,21036,-3,
2026-07-31 03:21:00,16,7416 11824 14980 16744 17604 18572 18684 19024 20328 21076 22892 24116 25012 27224 27724 28660,2708,21044,-3,
2026-07-31 03:21:15,16,7416 11824 14980 16744 17604 18572 18684 19024 20328 21076 22892 24116 25012 27224 27724 28660,2706,21051,-3,
2026-07-31 03:21:30,16,7416 11824 14980 16744 17604 18572 18684 19024 20328 21076 22892 24116 25012 27224 27724 28660,2729,21029,-3,
2026-07-31 03:21:45,16,7416 11824 14980 16744 17604 18572 18684 19024 20328 21076 22892 24116 25012 27224 27724 28660,2730,21029,-3,
2026-07-31 03:22:00,16,7416 11824 14980 16744 17604 18572 18684 19024 20328 21076 22892 24116 25012 27224 27724 28660,2730,21030,-3,
2026-07-31 03:22:15,16,7416 11824 14980 16744 17604 18572 18684 19024 20328 21076 22892 24116 25012 27224 27724 28660,2712,21049,-3,
2026-07-31 03:22:30,16,7416 11824 14980 16744 17604 18572 18684 19024 20328 21076 22892 24116 25012 27224 27724 28660,2701,21062,-3,
2026-07-31 03:22:45,16,7416 11824 14980 16744 17604 18572 18684 19024 20328 21076 22892 24116 25012 27224 27724 28660,2698,21063,-3,
2026-07-31 03:23:00,16,7416 11824 14980 16744 17604 18572 18684 19024 20328 21076 22892 24116 25012 27224 27724 28660,2715,21044,-3,
2026-07-31 03:23:15,16,7416 11824 14980 16744 17604 18572 18684 19024 20328 21076 22892 24116 25012 27224 27724 28660,2708,21058,-3,
2026-07-31 03:23:30,16,7416 11824 14980 16744 17604 18572 18684 19024 20328 21076 22892 24116 25012 27224 27724 28660,2703,21063,-3,
2026-07-31 03:23:45,16,7416 11824 14980 16744 17604 18572 18684 19024 20328 21076 22892 24116 25012 27224 27724 28660,2698,21041,-3,
2026-07-31 03:24:01,16,7416 11824 14980 16744 17604 18572 18684 19024 20328 21076 22892 24116 25012 27224 27724 28660,2703,21040,-3,
2026-07-31 03:24:16,16,7416 11824 14980 16744 17604 18572 18684 19024 20328 21076 22892 24116 25012 27224 27724 28660,2698,21048,-3,
2026-07-31 03:24:31,16,7416 11824 14980 16744 17604 18572 18684 19024 20328 21076 22892 24116 25012 27224 27724 28660,2720,21027,-3,
2026-07-31 03:24:46,16,7416 11824 14980 16744 17604 18572 18684 19024 20328 21076 22892 24116 25012 27224 27724 28660,2717,21030,-3,
2026-07-31 03:25:01,16,7416 11824 14980 16744 17604 18572 18684 19024 20328 21076 22892 24116 25012 27224 27724 28660,2725,21042,-3,
2026-07-31 03:25:16,16,7416 11824 14980 16744 17604 18572 18684 19024 20328 21076 22892 24116 25012 27224 27724 28660,2705,21063,-3,
2026-07-31 03:25:31,16,7416 11824 14980 16744 17604 18572 18684 19024 20328 21076 22892 24116 25012 27224 27724 28660,2737,21027,-3,
2026-07-31 03:25:46,16,7416 11824 14980 16744 17604 18572 18684 19024 20328 21076 22892 24116 25012 27224 27724 28660,2702,21067,-3,
2026-07-31 03:26:01,16,7416 11824 14980 16744 17604 18572 18684 19024 20328 21076 22892 24116 25012 27224 27724 28660,2707,21063,-3,
2026-07-31 03:26:16,16,7416 11824 14980 16744 17604 18572 18684 19024 20328 21076 22892 24116 25012 27224 27724 28660,2724,21043,-3,
2026-07-31 03:26:31,16,7416 11824 14980 16744 17604 18572 18684 19024 20328 21076 22892 24116 25012 27224 27724 28660,2734,21017,-3,
2026-07-31 03:26:46,16,7416 11824 14980 16744 17604 18572 18684 19024 20328 21076 22892 24116 25012 27224 27724 28660,2731,21031,-3,
2026-07-31 03:27:01,16,7416 11824 14980 16744 17604 18572 18684 19024 20328 21076 22892 24116 25012 27224 27724 28660,2733,21026,-3,
2026-07-31 03:27:16,16,7416 11824 14980 16744 17604 18572 18684 19024 20328 21076 22892 24116 25012 27224 27724 28660,2717,21114,-3,
2026-07-31 03:27:31,16,7416 11824 14980 16744 17604 18572 18684 19024 20328 21076 22892 24116 25012 27224 27724 28660,2753,21078,-3,
2026-07-31 03:27:46,16,7416 11824 14980 16744 17604 18572 18684 19024 20328 21076 22892 24116 25012 27224 27724 28660,2794,21040,-3,
2026-07-31 03:28:02,16,7416 11824 14980 16744 17604 18572 18684 19024 20328 21076 22892 24116 25012 27224 27724 28660,2801,21013,-3,
2026-07-31 03:28:17,16,7416 11824 14980 16744 17604 18572 18684 19024 20328 21076 22892 24116 25012 27224 27724 28660,2776,21042,-3,
2026-07-31 03:28:32,16,7416 11824 14980 16744 17604 18572 18684 19024 20328 21076 22892 24116 25012 27224 27724 28660,2783,21035,-3,
2026-07-31 03:28:47,16,7416 11824 14980 16744 17604 18572 18684 19024 20328 21076 22892 24116 25012 27224 27724 28660,2813,21012,-3,
2026-07-31 03:29:02,16,7416 11824 14980 16744 17604 18572 18684 19024 20328 21076 22892 24116 25012 27224 27724 28660,2807,21009,-3,
2026-07-31 03:29:17,16,7416 11824 14980 16744 17604 18572 18684 19024 20328 21076 22892 24116 25012 27224 27724 28660,2819,20965,-3,
2026-07-31 03:29:32,16,7416 11824 14980 16744 17604 18572 18684 19024 20328 21076 22892 24116 25012 27224 27724 28660,2812,20987,-3,
2026-07-31 03:29:47,16,7416 11824 14980 16744 17604 18572 18684 19024 20328 21076 22892 24116 25012 27224 27724 28660,2802,20998,-3,
2026-07-31 03:30:02,16,7416 11824 14980 16744 17604 18572 18684 19024 20328 21076 22892 24116 25012 27224 27724 28660,2801,20960,-3,
2026-07-31 03:30:17,16,7416 11824 14980 16744 17604 18572 18684 19024 20328 21076 22892 24116 25012 27224 27724 28660,2832,20948,-3,
2026-07-31 03:30:32,16,7416 11824 14980 16744 17604 18572 18684 19024 20328 21076 22892 24116 25012 27224 27724 28660,2835,20953,-3,
2026-07-31 03:30:47,16,7416 11824 14980 16744 17604 18572 18684 19024 20328 21076 22892 24116 25012 27224 27724 28660,2822,20968,-3,
2026-07-31 03:31:02,16,7416 11824 14980 16744 17604 18572 18684 19024 20328 21076 22892 24116 25012 27224 27724 28660,2824,20972,-3,
2026-07-31 03:31:17,16,7416 11824 14980 16744 17604 18572 18684 19024 20328 21076 22892 24116 25012 27224 27724 28660,2831,20956,-3,
2026-07-31 03:31:32,16,7416 11824 14980 16744 17604 18572 18684 19024 20328 21076 22892 24116 25012 27224 27724 28660,2834,20955,-3,
2026-07-31 03:31:48,16,7416 11824 14980 16744 17604 18572 18684 19024 20328 21076 22892 24116 25012 27224 27724 28660,2847,21008,-3,
2026-07-31 03:32:03,16,7416 11824 14980 16744 17604 18572 18684 19024 20328 21076 22892 24116 25012 27224 27724 28660,2857,20935,-3,
2026-07-31 03:32:18,16,7416 11824 14980 16744 17604 18572 18684 19024 20328 21076 22892 24116 25012 27224 27724 28660,2832,20963,-3,
2026-07-31 03:32:33,16,7416 11824 14980 16744 17604 18572 18684 19024 20328 21076 22892 24116 25012 27224 27724 28660,2783,21025,-3,
2026-07-31 03:32:48,16,7416 11824 14980 16744 17604 18572 18684 19024 20328 21076 22892 24116 25012 27224 27724 28660,2804,21005,-3,
2026-07-31 03:33:03,16,7416 11824 14980 16744 17604 18572 18684 19024 20328 21076 22892 24116 25012 27224 27724 28660,2807,21006,-3,
2026-07-31 03:33:18,16,7416 11824 14980 16744 17604 18572 18684 19024 20328 21076 22892 24116 25012 27224 27724 28660,2794,21037,-3,
2026-07-31 03:33:33,16,7416 11824 14980 16744 17604 18572 18684 19024 20328 21076 22892 24116 25012 27224 27724 28660,2740,21092,-3,
2026-07-31 03:33:48,16,7416 11824 14980 16744 17604 18572 18684 19024 20328 21076 22892 24116 25012 27224 27724 28660,2749,21084,-3,
2026-07-31 03:34:03,16,7416 11824 14980 16744 17604 18572 18684 19024 20328 21076 22892 24116 25012 27224 27724 28660,2755,21085,-3,
2026-07-31 03:34:18,16,7416 11824 14980 16744 17604 18572 18684 19024 20328 21076 22892 24116 25012 27224 27724 28660,2756,21074,-3,
2026-07-31 03:34:33,16,7416 11824 14980 16744 17604 18572 18684 19024 20328 21076 22892 24116 25012 27224 27724 28660,2754,21084,-3,
2026-07-31 03:34:48,16,7416 11824 14980 16744 17604 18572 18684 19024 20328 21076 22892 24116 25012 27224 27724 28660,2765,21063,-3,
2026-07-31 03:35:03,16,7416 11824 14980 16744 17604 18572 18684 19024 20328 21076 22892 24116 25012 27224 27724 28660,2824,21016,-3,
2026-07-31 03:35:18,16,7416 11824 14980 16744 17604 18572 18684 19024 20328 21076 22892 24116 25012 27224 27724 28660,2848,20989,-3,
2026-07-31 03:35:33,16,7416 11824 14980 16744 17604 18572 18684 19024 20328 21076 22892 24116 25012 27224 27724 28660,2851,20983,-3,
2026-07-31 03:35:48,16,7416 11824 14980 16744 17604 18572 18684 19024 20328 21076 22892 24116 25012 27224 27724 28660,2862,20959,-3,
2026-07-31 03:36:04,16,7416 11824 14980 16744 17604 18572 18684 19024 20328 21076 22892 24116 25012 27224 27724 28660,2856,20965,-3,
2026-07-31 03:36:19,16,7416 11824 14980 16744 17604 18572 18684 19024 20328 21076 22892 24116 25012 27224 27724 28660,2852,20975,-3,
2026-07-31 03:36:34,16,7416 11824 14980 16744 17604 18572 18684 19024 20328 21076 22892 24116 25012 27224 27724 28660,2818,21010,-3,
2026-07-31 03:36:49,16,7416 11824 14980 16744 17604 18572 18684 19024 20328 21076 22892 24116 25012 27224 27724 28660,2813,21018,-3,
2026-07-31 03:37:04,16,7416 11824 14980 16744 17604 18572 18684 19024 20328 21076 22892 24116 25012 27224 27724 28660,2808,21019,-3,
2026-07-31 03:37:19,16,7416 11824 14980 16744 17604 18572 18684 19024 20328 21076 22892 24116 25012 27224 27724 28660,2833,20998,-3,
2026-07-31 03:37:34,16,7416 11824 14980 16744 17604 18572 18684 19024 20328 21076 22892 24116 25012 27224 27724 28660,2864,20966,-3,
2026-07-31 03:37:49,16,7416 11824 14980 16744 17604 18572 18684 19024 20328 21076 22892 24116 25012 27224 27724 28660,2857,20978,-3,
2026-07-31 03:38:04,16,7416 11824 14980 16744 17604 18572 18684 19024 20328 21076 22892 24116 25012 27224 27724 28660,2854,20971,-3,
2026-07-31 03:38:19,16,7416 11824 14980 16744 17604 18572 18684 19024 20328 21076 22892 24116 25012 27224 27724 28660,2856,20974,-3,
2026-07-31 03:38:34,16,7416 11824 14980 16744 17604 18572 18684 19024 20328 21076 22892 24116 25012 27224 27724 28660,2874,20950,-3,
2026-07-31 03:38:49,16,7416 11824 14980 16744 17604 18572 18684 19024 20328 21076 22892 24116 25012 27224 27724 28660,2858,20965,-3,
2026-07-31 03:39:04,16,7416 11824 14980 16744 17604 18572 18684 19024 20328 21076 22892 24116 25012 27224 27724 28660,2891,20986,-3,
2026-07-31 03:39:19,16,7416 11824 14980 16744 17604 18572 18684 19024 20328 21076 22892 24116 25012 27224 27724 28660,2860,20959,-3,
2026-07-31 03:39:34,16,7416 11824 14980 16744 17604 18572 18684 19024 20328 21076 22892 24116 25012 27224 27724 28660,2866,20962,-3,
2026-07-31 03:39:50,16,7416 11824 14980 16744 17604 18572 18684 19024 20328 21076 22892 24116 25012 27224 27724 28660,2867,20965,-3,
2026-07-31 03:40:05,16,7416 11824 14980 16744 17604 18572 18684 19024 20328 21076 22892 24116 25012 27224 27724 28660,2853,20981,-3,
2026-07-31 03:40:20,16,7416 11824 14980 16744 17604 18572 18684 19024 20328 21076 22892 24116 25012 27224 27724 28660,2852,20987,-3,
2026-07-31 03:40:35,16,7416 11824 14980 16744 17604 18572 18684 19024 20328 21076 22892 24116 25012 27224 27724 28660,2860,20980,-3,
2026-07-31 03:40:50,16,7416 11824 14980 16744 17604 18572 18684 19024 20328 21076 22892 24116 25012 27224 27724 28660,2862,20977,-3,
2026-07-31 03:41:05,16,7416 11824 14980 16744 17604 18572 18684 19024 20328 21076 22892 24116 25012 27224 27724 28660,2869,20966,-3,
2026-07-31 03:41:20,16,7416 11824 14980 16744 17604 18572 18684 19024 20328 21076 22892 24116 25012 27224 27724 28660,2865,20971,-3,
2026-07-31 03:41:35,16,7416 11824 14980 16744 17604 18572 18684 19024 20328 21076 22892 24116 25012 27224 27724 28660,2871,21019,-3,
2026-07-31 03:41:50,16,7416 11824 14980 16744 17604 18572 18684 19024 20328 21076 22892 24116 25012 27224 27724 28660,2840,20998,-3,
2026-07-31 03:42:05,16,7416 11824 14980 16744 17604 18572 18684 19024 20328 21076 22892 24116 25012 27224 27724 28660,2788,21053,-3,
2026-07-31 03:42:20,16,7416 11824 14980 16744 17604 18572 18684 19024 20328 21076 22892 24116 25012 27224 27724 28660,2786,21062,-3,
2026-07-31 03:42:35,16,7416 11824 14980 16744 17604 18572 18684 19024 20328 21076 22892 24116 25012 27224 27724 28660,2784,21059,-3,
2026-07-31 03:42:50,16,7416 11824 14980 16744 17604 18572 18684 19024 20328 21076 22892 24116 25012 27224 27724 28660,2777,21066,-3,
2026-07-31 03:43:05,16,7416 11824 14980 16744 17604 18572 18684 19024 20328 21076 22892 24116 25012 27224 27724 28660,2749,21093,-3,
2026-07-31 03:43:20,16,7416 11824 14980 16744 17604 18572 18684 19024 20328 21076 22892 24116 25012 27224 27724 28660,2745,21098,-3,
2026-07-31 03:43:35,16,7416 11824 14980 16744 17604 18572 18684 19024 20328 21076 22892 24116 25012 27224 27724 28660,2745,21099,-3,
2026-07-31 03:43:50,16,7416 11824 14980 16744 17604 18572 18684 19024 20328 21076 22892 24116 25012 27224 27724 28660,2749,21095,-3,
2026-07-31 03:44:06,16,7416 11824 14980 16744 17604 18572 18684 19024 20328 21076 22892 24116 25012 27224 27724 28660,2749,21096,-3,
2026-07-31 03:44:21,16,7416 11824 14980 16744 17604 18572 18684 19024 20328 21076 22892 24116 25012 27224 27724 28660,2745,21103,-3,
2026-07-31 03:44:36,16,7416 11824 14980 16744 17604 18572 18684 19024 20328 21076 22892 24116 25012 27224 27724 28660,2746,21106,-3,
2026-07-31 03:44:51,16,7416 11824 14980 16744 17604 18572 18684 19024 20328 21076 22892 24116 25012 27224 27724 28660,2748,21100,-3,
2026-07-31 03:45:06,16,7416 11824 14980 16744 17604 18572 18684 19024 20328 21076 22892 24116 25012 27224 27724 28660,2748,21078,-3,
2026-07-31 03:45:21,16,7416 11824 14980 16744 17604 18572 18684 19024 20328 21076 22892 24116 25012 27224 27724 28660,2737,21093,-3,
2026-07-31 03:45:36,16,7416 11824 14980 16744 17604 18572 18684 19024 20328 21076 22892 24116 25012 27224 27724 28660,2740,21073,-3,
2026-07-31 03:45:51,16,7416 11824 14980 16744 17604 18572 18684 19024 20328 21076 22892 24116 25012 27224 27724 28660,2739,21094,-3,
2026-07-31 03:46:06,16,7416 11824 14980 16744 17604 18572 18684 19024 20328 21076 22892 24116 25012 27224 27724 28660,2736,21111,-3,
2026-07-31 03:46:21,16,7416 11824 14980 16744 17604 18572 18684 19024 20328 21076 22892 24116 25012 27224 27724 28660,2738,21104,-3,
2026-07-31 03:46:36,16,7416 11824 14980 16744 17604 18572 18684 19024 20328 21076 22892 24116 25012 27224 27724 28660,2736,21112,-3,
2026-07-31 03:46:51,16,7416 11824 14980 16744 17604 18572 18684 19024 20328 21076 22892 24116 25012 27224 27724 28660,2742,21103,-3,
2026-07-31 03:47:06,16,7416 11824 14980 16744 17604 18572 18684 19024 20328 21076 22892 24116 25012 27224 27724 28660,2735,21109,-3,
2026-07-31 03:47:21,16,7416 11824 14980 16744 17604 18572 18684 19024 20328 21076 22892 24116 25012 27224 27724 28660,2736,21103,-3,
2026-07-31 03:47:36,16,7416 11824 14980 16744 17604 18572 18684 19024 20328 21076 22892 24116 25012 27224 27724 28660,2734,21109,-3,
2026-07-31 03:47:51,16,7416 11824 14980 16744 17604 18572 18684 19024 20328 21076 22892 24116 25012 27224 27724 28660,2740,21106,-3,
2026-07-31 03:48:07,16,7416 11824 14980 16744 17604 18572 18684 19024 20328 21076 22892 24116 25012 27224 27724 28660,2736,21111,-3,
2026-07-31 03:48:22,16,7416 11824 14980 16744 17604 18572 18684 19024 20328 21076 22892 24116 25012 27224 27724 28660,2737,21092,-3,
2026-07-31 03:48:37,16,7416 11824 14980 16744 17604 18572 18684 19024 20328 21076 22892 24116 25012 27224 27724 28660,2735,21101,-3,
2026-07-31 03:48:52,16,7416 11824 14980 16744 17604 18572 18684 19024 20328 21076 22892 24116 25012 27224 27724 28660,2743,21106,-3,
2026-07-31 03:49:07,16,7416 11824 14980 16744 17604 18572 18684 19024 20328 21076 22892 24116 25012 27224 27724 28660,2737,21110,-3,
2026-07-31 03:49:22,16,7416 11824 14980 16744 17604 18572 18684 19024 20328 21076 22892 24116 25012 27224 27724 28660,2738,21106,-3,
2026-07-31 03:49:37,16,7416 11824 14980 16744 17604 18572 18684 19024 20328 21076 22892 24116 25012 27224 27724 28660,2736,21114,-3,
2026-07-31 03:49:52,16,7416 11824 14980 16744 17604 18572 18684 19024 20328 21076 22892 24116 25012 27224 27724 28660,2742,21111,-3,
2026-07-31 03:50:07,16,7416 11824 14980 16744 17604 18572 18684 19024 20328 21076 22892 24116 25012 27224 27724 28660,2737,21117,-3,
2026-07-31 03:50:22,16,7416 11824 14980 16744 17604 18572 18684 19024 20328 21076 22892 24116 25012 27224 27724 28660,2737,21106,-3,
2026-07-31 03:50:37,16,7416 11824 14980 16744 17604 18572 18684 19024 20328 21076 22892 24116 25012 27224 27724 28660,2741,21111,-3,
2026-07-31 03:50:52,16,7416 11824 14980 16744 17604 18572 18684 19024 20328 21076 22892 24116 25012 27224 27724 28660,2739,21114,-3,
2026-07-31 03:51:07,16,7416 11824 14980 16744 17604 18572 18684 19024 20328 21076 22892 24116 25012 27224 27724 28660,2736,21116,-3,
2026-07-31 03:51:22,16,7416 11824 14980 16744 17604 18572 18684 19024 20328 21076 22892 24116 25012 27224 27724 28660,2736,21110,-3,
2026-07-31 03:51:37,16,7416 11824 14980 16744 17604 18572 18684 19024 20328 21076 22892 24116 25012 27224 27724 28660,2735,21117,-3,
2026-07-31 03:51:52,16,7416 11824 14980 16744 17604 18572 18684 19024 20328 21076 22892 24116 25012 27224 27724 28660,2739,21087,-3,
2026-07-31 03:52:07,16,7416 11824 14980 16744 17604 18572 18684 19024 20328 21076 22892 24116 25012 27224 27724 28660,2736,21104,-3,
2026-07-31 03:52:23,16,7416 11824 14980 16744 17604 18572 18684 19024 20328 21076 22892 24116 25012 27224 27724 28660,2737,21109,-3,
2026-07-31 03:52:38,16,7416 11824 14980 16744 17604 18572 18684 19024 20328 21076 22892 24116 25012 27224 27724 28660,2735,21117,-3,
2026-07-31 03:52:53,16,7416 11824 14980 16744 17604 18572 18684 19024 20328 21076 22892 24116 25012 27224 27724 28660,2738,21111,-3,
2026-07-31 03:53:08,16,7416 11824 14980 16744 17604 18572 18684 19024 20328 21076 22892 24116 25012 27224 27724 28660,2737,21116,-3,
2026-07-31 03:53:23,16,7416 11824 14980 16744 17604 18572 18684 19024 20328 21076 22892 24116 25012 27224 27724 28660,2737,21101,-3,
2026-07-31 03:53:38,16,7416 11824 14980 16744 17604 18572 18684 19024 20328 21076 22892 24116 25012 27224 27724 28660,2734,21105,-3,
2026-07-31 03:53:53,16,7416 11824 14980 16744 17604 18572 18684 19024 20328 21076 22892 24116 25012 27224 27724 28660,2738,21104,-3,
2026-07-31 03:54:08,16,7416 11824 14980 16744 17604 18572 18684 19024 20328 21076 22892 24116 25012 27224 27724 28660,2733,21114,-3,
2026-07-31 03:54:23,16,7416 11824 14980 16744 17604 18572 18684 19024 20328 21076 22892 24116 25012 27224 27724 28660,2737,21107,-3,
2026-07-31 03:54:38,16,7416 11824 14980 16744 17604 18572 18684 19024 20328 21076 22892 24116 25012 27224 27724 28660,2736,21117,-3,
2026-07-31 03:54:53,16,7416 11824 14980 16744 17604 18572 18684 19024 20328 21076 22892 24116 25012 27224 27724 28660,2740,21114,-3,
2026-07-31 03:55:08,16,7416 11824 14980 16744 17604 18572 18684 19024 20328 21076 22892 24116 25012 27224 27724 28660,2734,21121,-3,
2026-07-31 03:55:23,16,7416 11824 14980 16744 17604 18572 18684 19024 20328 21076 22892 24116 25012 27224 27724 28660,2737,21120,-3,
2026-07-31 03:55:38,16,7416 11824 14980 16744 17604 18572 18684 19024 20328 21076 22892 24116 25012 27224 27724 28660,2737,21119,-3,
2026-07-31 03:55:53,16,7416 11824 14980 16744 17604 18572 18684 19024 20328 21076 22892 24116 25012 27224 27724 28660,2738,21119,-3,
2026-07-31 03:56:08,16,7416 11824 14980 16744 17604 18572 18684 19024 20328 21076 22892 24116 25012 27224 27724 28660,2737,21121,-3,
2026-07-31 03:56:23,16,7416 11824 14980 16744 17604 18572 18684 19024 20328 21076 22892 24116 25012 27224 27724 28660,2737,21121,-3,
2026-07-31 03:56:38,16,7416 11824 14980 16744 17604 18572 18684 19024 20328 21076 22892 24116 25012 27224 27724 28660,2734,21121,-3,
2026-07-31 03:56:54,16,7416 11824 14980 16744 17604 18572 18684 19024 20328 21076 22892 24116 25012 27224 27724 28660,2741,21117,-3,
2026-07-31 03:57:09,16,7416 11824 14980 16744 17604 18572 18684 19024 20328 21076 22892 24116 25012 27224 27724 28660,2738,21117,-3,
2026-07-31 03:57:24,16,7416 11824 14980 16744 17604 18572 18684 19024 20328 21076 22892 24116 25012 27224 27724 28660,2736,21116,-3,
2026-07-31 03:57:39,16,7416 11824 14980 16744 17604 18572 18684 19024 20328 21076 22892 24116 25012 27224 27724 28660,2735,21116,-3,
2026-07-31 03:57:54,16,7416 11824 14980 16744 17604 18572 18684 19024 20328 21076 22892 24116 25012 27224 27724 28660,2740,21114,-3,
2026-07-31 03:58:09,16,7416 11824 14980 16744 17604 18572 18684 19024 20328 21076 22892 24116 25012 27224 27724 28660,2738,21116,-3,
2026-07-31 03:58:24,16,7416 11824 14980 16744 17604 18572 18684 19024 20328 21076 22892 24116 25012 27224 27724 28660,2739,21113,-3,
2026-07-31 03:58:39,16,7416 11824 14980 16744 17604 18572 18684 19024 20328 21076 22892 24116 25012 27224 27724 28660,2735,21119,-3,
2026-07-31 03:58:54,16,7416 11824 14980 16744 17604 18572 18684 19024 20328 21076 22892 24116 25012 27224 27724 28660,2740,21114,-3,
2026-07-31 03:59:09,16,7416 11824 14980 16744 17604 18572 18684 19024 20328 21076 22892 24116 25012 27224 27724 28660,2738,21114,-3,
2026-07-31 03:59:24,16,7416 11824 14980 16744 17604 18572 18684 19024 20328 21076 22892 24116 25012 27224 27724 28660,2739,21113,-3,
2026-07-31 03:59:39,16,7416 11824 14980 16744 17604 18572 18684 19024 20328 21076 22892 24116 25012 27224 27724 28660,2737,21117,-3,
2026-07-31 03:59:54,16,7416 11824 14980 16744 17604 18572 18684 19024 20328 21076 22892 24116 25012 27224 27724 28660,2740,21116,-3,
2026-07-31 04:00:09,16,7416 11824 14980 16744 17604 18572 18684 19024 20328 21076 22892 24116 25012 27224 27724 28660,2739,21092,-3,
2026-07-31 04:00:24,16,7416 11824 14980 16744 17604 18572 18684 19024 20328 21076 22892 24116 25012 27224 27724 28660,2740,21091,-3,
2026-07-31 04:00:39,16,7416 11824 14980 16744 17604 18572 18684 19024 20328 21076 22892 24116 25012 27224 27724 28660,2742,21092,-3,
2026-07-31 04:00:54,16,7416 11824 14980 16744 17604 18572 18684 19024 20328 21076 22892 24116 25012 27224 27724 28660,2740,21096,-3,
2026-07-31 04:01:10,16,7416 11824 14980 16744 17604 18572 18684 19024 20328 21076 22892 24116 25012 27224 27724 28660,2739,21115,-3,
2026-07-31 04:01:25,16,7416 11824 14980 16744 17604 18572 18684 19024 20328 21076 22892 24116 25012 27224 27724 28660,2739,21096,-3,
2026-07-31 04:01:40,16,7416 11824 14980 16744 17604 18572 18684 19024 20328 21076 22892 24116 25012 27224 27724 28660,2740,21099,-3,
2026-07-31 04:01:55,16,7416 11824 14980 16744 17604 18572 18684 19024 20328 21076 22892 24116 25012 27224 27724 28660,2738,21149,-3,
2026-07-31 04:02:10,16,7416 11824 14980 16744 17604 18572 18684 19024 20328 21076 22892 24116 25012 27224 27724 28660,2739,21074,-3,
2026-07-31 04:02:25,16,7416 11824 14980 16744 17604 18572 18684 19024 20328 21076 22892 24116 25012 27224 27724 28660,2739,21096,-3,
2026-07-31 04:02:40,16,7416 11824 14980 16744 17604 18572 18684 19024 20328 21076 22892 24116 25012 27224 27724 28660,2739,21109,-3,
2026-07-31 04:02:55,16,7416 11824 14980 16744 17604 18572 18684 19024 20328 21076 22892 24116 25012 27224 27724 28660,2738,21107,-3,
2026-07-31 04:03:10,16,7416 11824 14980 16744 17604 18572 18684 19024 20328 21076 22892 24116 25012 27224 27724 28660,2740,21110,-3,
2026-07-31 04:03:25,16,7416 11824 14980 16744 17604 18572 18684 19024 20328 21076 22892 24116 25012 27224 27724 28660,2740,21106,-3,
2026-07-31 04:03:40,16,7416 11824 14980 16744 17604 18572 18684 19024 20328 21076 22892 24116 25012 27224 27724 28660,2740,21111,-3,
2026-07-31 04:03:55,16,7416 11824 14980 16744 17604 18572 18684 19024 20328 21076 22892 24116 25012 27224 27724 28660,2737,21114,-3,
2026-07-31 04:04:10,16,7416 11824 14980 16744 17604 18572 18684 19024 20328 21076 22892 24116 25012 27224 27724 28660,2740,21114,-3,
2026-07-31 04:04:25,16,7416 11824 14980 16744 17604 18572 18684 19024 20328 21076 22892 24116 25012 27224 27724 28660,2743,21097,-3,
2026-07-31 04:04:40,16,7416 11824 14980 16744 17604 18572 18684 19024 20328 21076 22892 24116 25012 27224 27724 28660,2738,21101,-3,
2026-07-31 04:04:55,16,7416 11824 14980 16744 17604 18572 18684 19024 20328 21076 22892 24116 25012 27224 27724 28660,2738,21156,-3,
2026-07-31 04:05:10,16,7416 11824 14980 16744 17604 18572 18684 19024 20328 21076 22892 24116 25012 27224 27724 28660,2740,21101,-3,
2026-07-31 04:05:26,16,7416 11824 14980 16744 17604 18572 18684 19024 20328 21076 22892 24116 25012 27224 27724 28660,2742,21101,-3,
2026-07-31 04:05:41,16,7416 11824 14980 16744 17604 18572 18684 19024 20328 21076 22892 24116 25012 27224 27724 28660,2740,21114,-3,
2026-07-31 04:05:56,16,7416 11824 14980 16744 17604 18572 18684 19024 20328 21076 22892 24116 25012 27224 27724 28660,2739,21116,-3,
2026-07-31 04:06:11,16,7416 11824 14980 16744 17604 18572 18684 19024 20328 21076 22892 24116 25012 27224 27724 28660,2739,21116,-3,
2026-07-31 04:06:26,16,7416 11824 14980 16744 17604 18572 18684 19024 20328 21076 22892 24116 25012 27224 27724 28660,2740,21115,-3,
2026-07-31 04:06:41,16,7416 11824 14980 16744 17604 18572 18684 19024 20328 21076 22892 24116 25012 27224 27724 28660,2740,21113,-3,
2026-07-31 04:06:56,16,7416 11824 14980 16744 17604 18572 18684 19024 20328 21076 22892 24116 25012 27224 27724 28660,2738,21112,-3,
2026-07-31 04:07:11,16,7416 11824 14980 16744 17604 18572 18684 19024 20328 21076 22892 24116 25012 27224 27724 28660,2740,21112,-3,
2026-07-31 04:07:26,16,7416 11824 14980 16744 17604 18572 18684 19024 20328 21076 22892 24116 25012 27224 27724 28660,2741,21110,-3,
2026-07-31 04:07:41,16,7416 11824 14980 16744 17604 18572 18684 19024 20328 21076 22892 24116 25012 27224 27724 28660,2740,21112,-3,
2026-07-31 04:07:56,16,7416 11824 14980 16744 17604 18572 18684 19024 20328 21076 22892 24116 25012 27224 27724 28660,2738,21090,-3,
2026-07-31 04:08:11,16,7416 11824 14980 16744 17604 18572 18684 19024 20328 21076 22892 24116 25012 27224 27724 28660,2741,21090,-3,
2026-07-31 04:08:26,16,7416 11824 14980 16744 17604 18572 18684 19024 20328 21076 22892 24116 25012 27224 27724 28660,2742,21083,-3,
2026-07-31 04:08:41,16,7416 11824 14980 16744 17604 18572 18684 19024 20328 21076 22892 24116 25012 27224 27724 28660,2740,21087,-3,
2026-07-31 04:08:56,16,7416 11824 14980 16744 17604 18572 18684 19024 20328 21076 22892 24116 25012 27224 27724 28660,2739,21105,-3,
2026-07-31 04:09:11,16,7416 11824 14980 16744 17604 18572 18684 19024 20328 21076 22892 24116 25012 27224 27724 28660,2740,21105,-3,
2026-07-31 04:09:26,16,7416 11824 14980 16744 17604 18572 18684 19024 20328 21076 22892 24116 25012 27224 27724 28660,2741,21104,-3,
2026-07-31 04:09:42,16,7416 11824 14980 16744 17604 18572 18684 19024 20328 21076 22892 24116 25012 27224 27724 28660,2741,21107,-3,
2026-07-31 04:09:57,16,7416 11824 14980 16744 17604 18572 18684 19024 20328 21076 22892 24116 25012 27224 27724 28660,2740,21108,-3,
2026-07-31 04:10:12,16,7416 11824 14980 16744 17604 18572 18684 19024 20328 21076 22892 24116 25012 27224 27724 28660,2739,21109,-3,
2026-07-31 04:10:27,16,7416 11824 14980 16744 17604 18572 18684 19024 20328 21076 22892 24116 25012 27224 27724 28660,2741,21107,-3,
2026-07-31 04:10:42,16,7416 11824 14980 16744 17604 18572 18684 19024 20328 21076 22892 24116 25012 27224 27724 28660,2742,21106,-3,
2026-07-31 04:10:57,16,7416 11824 14980 16744 17604 18572 18684 19024 20328 21076 22892 24116 25012 27224 27724 28660,2739,21097,-3,
2026-07-31 04:11:12,16,7416 11824 14980 16744 17604 18572 18684 19024 20328 21076 22892 24116 25012 27224 27724 28660,2742,21095,-3,
2026-07-31 04:11:27,16,7416 11824 14980 16744 17604 18572 18684 19024 20328 21076 22892 24116 25012 27224 27724 28660,2742,21105,-3,
2026-07-31 04:11:42,16,7416 11824 14980 16744 17604 18572 18684 19024 20328 21076 22892 24116 25012 27224 27724 28660,2742,21107,-3,
2026-07-31 04:11:57,16,7416 11824 14980 16744 17604 18572 18684 19024 20328 21076 22892 24116 25012 27224 27724 28660,2741,21107,-3,
2026-07-31 04:12:12,16,7416 11824 14980 16744 17604 18572 18684 19024 20328 21076 22892 24116 25012 27224 27724 28660,2740,21109,-3,
2026-07-31 04:12:27,16,7416 11824 14980 16744 17604 18572 18684 19024 20328 21076 22892 24116 25012 27224 27724 28660,2740,21105,-3,
2026-07-31 04:12:42,16,7416 11824 14980 16744 17604 18572 18684 19024 20328 21076 22892 24116 25012 27224 27724 28660,2744,21101,-3,
2026-07-31 04:12:57,16,7416 11824 14980 16744 17604 18572 18684 19024 20328 21076 22892 24116 25012 27224 27724 28660,2740,21103,-3,
2026-07-31 04:13:12,16,7416 11824 14980 16744 17604 18572 18684 19024 20328 21076 22892 24116 25012 27224 27724 28660,2736,21107,-3,
2026-07-31 04:13:27,16,7416 11824 14980 16744 17604 18572 18684 19024 20328 21076 22892 24116 25012 27224 27724 28660,2736,21106,-3,
2026-07-31 04:13:42,16,7416 11824 14980 16744 17604 18572 18684 19024 20328 21076 22892 24116 25012 27224 27724 28660,2736,21107,-3,
2026-07-31 04:13:58,16,7416 11824 14980 16744 17604 18572 18684 19024 20328 21076 22892 24116 25012 27224 27724 28660,2741,21103,-3,
2026-07-31 04:14:13,16,7416 11824 14980 16744 17604 18572 18684 19024 20328 21076 22892 24116 25012 27224 27724 28660,2744,21097,-3,
2026-07-31 04:14:28,16,7416 11824 14980 16744 17604 18572 18684 19024 20328 21076 22892 24116 25012 27224 27724 28660,2740,21100,-3,
2026-07-31 04:14:43,16,7416 11824 14980 16744 17604 18572 18684 19024 20328 21076 22892 24116 25012 27224 27724 28660,2737,21104,-3,
2026-07-31 04:14:58,16,7416 11824 14980 16744 17604 18572 18684 19024 20328 21076 22892 24116 25012 27224 27724 28660,2739,21102,-3,
2026-07-31 04:15:13,16,7416 11824 14980 16744 17604 18572 18684 19024 20328 21076 22892 24116 25012 27224 27724 28660,2741,21059,-3,
2026-07-31 04:15:28,16,7416 11824 14980 16744 17604 18572 18684 19024 20328 21076 22892 24116 25012 27224 27724 28660,2742,21055,-3,
2026-07-31 04:15:43,16,7416 11824 14980 16744 17604 18572 18684 19024 20328 21076 22892 24116 25012 27224 27724 28660,2743,21076,-3,
2026-07-31 04:15:58,16,7416 11824 14980 16744 17604 18572 18684 19024 20328 21076 22892 24116 25012 27224 27724 28660,2740,21079,-3,
2026-07-31 04:16:13,16,7416 11824 14980 16744 17604 18572 18684 19024 20328 21076 22892 24116 25012 27224 27724 28660,2743,21093,-3,
2026-07-31 04:16:28,16,7416 11824 14980 16744 17604 18572 18684 19024 20328 21076 22892 24116 25012 27224 27724 28660,2741,21098,-3,
2026-07-31 04:16:43,16,7416 11824 14980 16744 17604 18572 18684 19024 20328 21076 22892 24116 25012 27224 27724 28660,2740,21098,-3,
2026-07-31 04:16:58,16,7416 11824 14980 16744 17604 18572 18684 19024 20328 21076 22892 24116 25012 27224 27724 28660,2738,21099,-3,
2026-07-31 04:17:13,16,7416 11824 14980 16744 17604 18572 18684 19024 20328 21076 22892 24116 25012 27224 27724 28660,2744,21087,-3,
2026-07-31 04:17:28,16,7416 11824 14980 16744 17604 18572 18684 19024 20328 21076 22892 24116 25012 27224 27724 28660,2741,21091,-3,
2026-07-31 04:17:43,16,7416 11824 14980 16744 17604 18572 18684 19024 20328 21076 22892 24116 25012 27224 27724 28660,2741,21081,-3,
2026-07-31 04:17:58,16,7416 11824 14980 16744 17604 18572 18684 19024 20328 21076 22892 24116 25012 27224 27724 28660,2740,21089,-3,
2026-07-31 04:18:14,16,7416 11824 14980 16744 17604 18572 18684 19024 20328 21076 22892 24116 25012 27224 27724 28660,2744,21075,-3,
2026-07-31 04:18:29,16,7416 11824 14980 16744 17604 18572 18684 19024 20328 21076 22892 24116 25012 27224 27724 28660,2742,21087,-3,
2026-07-31 04:18:44,16,7416 11824 14980 16744 17604 18572 18684 19024 20328 21076 22892 24116 25012 27224 27724 28660,2741,21089,-3,
2026-07-31 04:18:59,16,7416 11824 14980 16744 17604 18572 18684 19024 20328 21076 22892 24116 25012 27224 27724 28660,2740,21082,-3,
2026-07-31 04:19:14,16,7416 11824 14980 16744 17604 18572 18684 19024 20328 21076 22892 24116 25012 27224 27724 28660,2742,21088,-3,
2026-07-31 04:19:29,16,7416 11824 14980 16744 17604 18572 18684 19024 20328 21076 22892 24116 25012 27224 27724 28660,2742,21082,-3,
2026-07-31 04:19:44,16,7416 11824 14980 16744 17604 18572 18684 19024 20328 21076 22892 24116 25012 27224 27724 28660,2743,21086,-3,
2026-07-31 04:19:59,16,7416 11824 14980 16744 17604 18572 18684 19024 20328 21076 22892 24116 25012 27224 27724 28660,2740,21087,-3,
2026-07-31 04:20:14,16,7416 11824 14980 16744 17604 18572 18684 19024 20328 21076 22892 24116 25012 27224 27724 28660,2742,21090,-3,
2026-07-31 04:20:29,16,7416 11824 14980 16744 17604 18572 18684 19024 20328 21076 22892 24116 25012 27224 27724 28660,2742,21087,-3,
2026-07-31 04:20:44,16,7416 11824 14980 16744 17604 18572 18684 19024 20328 21076 22892 24116 25012 27224 27724 28660,2741,21092,-3,
2026-07-31 04:20:59,16,7416 11824 14980 16744 17604 18572 18684 19024 20328 21076 22892 24116 25012 27224 27724 28660,2740,21093,-3,
2026-07-31 04:21:14,16,7416 11824 14980 16744 17604 18572 18684 19024 20328 21076 22892 24116 25012 27224 27724 28660,2741,21092,-3,
2026-07-31 04:21:29,16,7416 11824 14980 16744 17604 18572 18684 19024 20328 21076 22892 24116 25012 27224 27724 28660,2742,21086,-3,
2026-07-31 04:21:44,16,7416 11824 14980 16744 17604 18572 18684 19024 20328 21076 22892 24116 25012 27224 27724 28660,2739,21092,-3,
2026-07-31 04:21:59,16,7416 11824 14980 16744 17604 18572 18684 19024 20328 21076 22892 24116 25012 27224 27724 28660,2739,21091,-3,
2026-07-31 04:22:15,16,7416 11824 14980 16744 17604 18572 18684 19024 20328 21076 22892 24116 25012 27224 27724 28660,2742,21093,-3,
2026-07-31 04:22:30,16,7416 11824 14980 16744 17604 18572 18684 19024 20328 21076 22892 24116 25012 27224 27724 28660,2742,21090,-3,
2026-07-31 04:22:45,16,7416 11824 14980 16744 17604 18572 18684 19024 20328 21076 22892 24116 25012 27224 27724 28660,2740,21097,-3,
2026-07-31 04:23:00,16,7416 11824 14980 16744 17604 18572 18684 19024 20328 21076 22892 24116 25012 27224 27724 28660,2739,21093,-3,
2026-07-31 04:23:15,16,7416 11824 14980 16744 17604 18572 18684 19024 20328 21076 22892 24116 25012 27224 27724 28660,2741,21099,-3,
2026-07-31 04:23:30,16,7416 11824 14980 16744 17604 18572 18684 19024 20328 21076 22892 24116 25012 27224 27724 28660,2742,21098,-3,
2026-07-31 04:23:45,16,7416 11824 14980 16744 17604 18572 18684 19024 20328 21076 22892 24116 25012 27224 27724 28660,2739,21061,-3,
2026-07-31 04:24:00,16,7416 11824 14980 16744 17604 18572 18684 19024 20328 21076 22892 24116 25012 27224 27724 28660,2739,21053,-3,
2026-07-31 04:24:15,16,7416 11824 14980 16744 17604 18572 18684 19024 20328 21076 22892 24116 25012 27224 27724 28660,2743,21064,-3,
2026-07-31 04:24:30,16,7416 11824 14980 16744 17604 18572 18684 19024 20328 21076 22892 24116 25012 27224 27724 28660,2744,21061,-3,
2026-07-31 04:24:45,16,7416 11824 14980 16744 17604 18572 18684 19024 20328 21076 22892 24116 25012 27224 27724 28660,2740,21086,-3,
2026-07-31 04:25:00,16,7416 11824 14980 16744 17604 18572 18684 19024 20328 21076 22892 24116 25012 27224 27724 28660,2740,21085,-3,
2026-07-31 04:25:15,16,7416 11824 14980 16744 17604 18572 18684 19024 20328 21076 22892 24116 25012 27224 27724 28660,2745,21072,-3,
2026-07-31 04:25:30,16,7416 11824 14980 16744 17604 18572 18684 19024 20328 21076 22892 24116 25012 27224 27724 28660,2744,21072,-3,
2026-07-31 04:25:45,16,7416 11824 14980 16744 17604 18572 18684 19024 20328 21076 22892 24116 25012 27224 27724 28660,2740,21135,-3,
2026-07-31 04:26:00,16,7416 11824 14980 16744 17604 18572 18684 19024 20328 21076 22892 24116 25012 27224 27724 28660,2740,21082,-3,
2026-07-31 04:26:15,16,7416 11824 14980 16744 17604 18572 18684 19024 20328 21076 22892 24116 25012 27224 27724 28660,2742,21081,-3,
2026-07-31 04:26:31,16,7416 11824 14980 16744 17604 18572 18684 19024 20328 21076 22892 24116 25012 27224 27724 28660,2742,21092,-3,
2026-07-31 04:26:46,16,7416 11824 14980 16744 17604 18572 18684 19024 20328 21076 22892 24116 25012 27224 27724 28660,2739,21094,-3,
2026-07-31 04:27:01,16,7416 11824 14980 16744 17604 18572 18684 19024 20328 21076 22892 24116 25012 27224 27724 28660,2739,21097,-3,
2026-07-31 04:27:16,16,7416 11824 14980 16744 17604 18572 18684 19024 20328 21076 22892 24116 25012 27224 27724 28660,2743,21091,-3,
2026-07-31 04:27:31,16,7416 11824 14980 16744 17604 18572 18684 19024 20328 21076 22892 24116 25012 27224 27724 28660,2742,21091,-3,
2026-07-31 04:27:46,16,7416 11824 14980 16744 17604 18572 18684 19024 20328 21076 22892 24116 25012 27224 27724 28660,2741,21090,-3,
2026-07-31 04:28:01,16,7416 11824 14980 16744 17604 18572 18684 19024 20328 21076 22892 24116 25012 27224 27724 28660,2740,21094,-3,
2026-07-31 04:28:16,16,7416 11824 14980 16744 17604 18572 18684 19024 20328 21076 22892 24116 25012 27224 27724 28660,2742,21091,-3,
2026-07-31 04:28:31,16,7416 11824 14980 16744 17604 18572 18684 19024 20328 21076 22892 24116 25012 27224 27724 28660,2742,21092,-3,
2026-07-31 04:28:46,16,7416 11824 14980 16744 17604 18572 18684 19024 20328 21076 22892 24116 25012 27224 27724 28660,2740,21093,-3,
2026-07-31 04:29:01,16,7416 11824 14980 16744 17604 18572 18684 19024 20328 21076 22892 24116 25012 27224 27724 28660,2738,21095,-3,
2026-07-31 04:29:16,16,7416 11824 14980 16744 17604 18572 18684 19024 20328 21076 22892 24116 25012 27224 27724 28660,2741,21098,-3,
2026-07-31 04:29:31,16,7416 11824 14980 16744 17604 18572 18684 19024 20328 21076 22892 24116 25012 27224 27724 28660,2742,21097,-3,
2026-07-31 04:29:46,16,7416 11824 14980 16744 17604 18572 18684 19024 20328 21076 22892 24116 25012 27224 27724 28660,2740,21101,-3,
2026-07-31 04:30:01,16,7416 11824 14980 16744 17604 18572 18684 19024 20328 21076 22892 24116 25012 27224 27724 28660,2738,21067,-3,
2026-07-31 04:30:16,16,7416 11824 14980 16744 17604 18572 18684 19024 20328 21076 22892 24116 25012 27224 27724 28660,2742,21078,-3,
2026-07-31 04:30:31,16,7416 11824 14980 16744 17604 18572 18684 19024 20328 21076 22892 24116 25012 27224 27724 28660,2741,21083,-3,
2026-07-31 04:30:47,16,7416 11824 14980 16744 17604 18572 18684 19024 20328 21076 22892 24116 25012 27224 27724 28660,2740,21084,-3,
2026-07-31 04:31:02,16,7416 11824 14980 16744 17604 18572 18684 19024 20328 21076 22892 24116 25012 27224 27724 28660,2740,21089,-3,
2026-07-31 04:31:17,16,7416 11824 14980 16744 17604 18572 18684 19024 20328 21076 22892 24116 25012 27224 27724 28660,2741,21097,-3,
2026-07-31 04:31:32,16,7416 11824 14980 16744 17604 18572 18684 19024 20328 21076 22892 24116 25012 27224 27724 28660,2741,21099,-3,
2026-07-31 04:31:47,16,7416 11824 14980 16744 17604 18572 18684 19024 20328 21076 22892 24116 25012 27224 27724 28660,2739,21103,-3,
2026-07-31 04:32:02,16,7416 11824 14980 16744 17604 18572 18684 19024 20328 21076 22892 24116 25012 27224 27724 28660,2738,21101,-3,
2026-07-31 04:32:17,16,7416 11824 14980 16744 17604 18572 18684 19024 20328 21076 22892 24116 25012 27224 27724 28660,2742,21100,-3,
2026-07-31 04:32:32,16,7416 11824 14980 16744 17604 18572 18684 19024 20328 21076 22892 24116 25012 27224 27724 28660,2741,21105,-3,
2026-07-31 04:32:47,16,7416 11824 14980 16744 17604 18572 18684 19024 20328 21076 22892 24116 25012 27224 27724 28660,2741,21091,-3,
2026-07-31 04:33:02,16,7416 11824 14980 16744 17604 18572 18684 19024 20328 21076 22892 24116 25012 27224 27724 28660,2739,21095,-3,
2026-07-31 04:33:17,16,7416 11824 14980 16744 17604 18572 18684 19024 20328 21076 22892 24116 25012 27224 27724 28660,2743,21103,-3,
2026-07-31 04:33:32,16,7416 11824 14980 16744 17604 18572 18684 19024 20328 21076 22892 24116 25012 27224 27724 28660,2742,21097,-3,
2026-07-31 04:33:47,16,7416 11824 14980 16744 17604 18572 18684 19024 20328 21076 22892 24116 25012 27224 27724 28660,2741,21100,-3,
2026-07-31 04:34:02,16,7416 11824 14980 16744 17604 18572 18684 19024 20328 21076 22892 24116 25012 27224 27724 28660,2740,21152,-3,
2026-07-31 04:34:17,16,7416 11824 14980 16744 17604 18572 18684 19024 20328 21076 22892 24116 25012 27224 27724 28660,2746,21096,-3,
2026-07-31 04:34:32,16,7416 11824 14980 16744 17604 18572 18684 19024 20328 21076 22892 24116 25012 27224 27724 28660,2743,21096,-3,
2026-07-31 04:34:48,16,7416 11824 14980 16744 17604 18572 18684 19024 20328 21076 22892 24116 25012 27224 27724 28660,2743,21106,-3,
2026-07-31 04:35:03,16,7416 11824 14980 16744 17604 18572 18684 19024 20328 21076 22892 24116 25012 27224 27724 28660,2740,21108,-3,
2026-07-31 04:35:18,16,7416 11824 14980 16744 17604 18572 18684 19024 20328 21076 22892 24116 25012 27224 27724 28660,2745,21110,-3,
2026-07-31 04:35:33,16,7416 11824 14980 16744 17604 18572 18684 19024 20328 21076 22892 24116 25012 27224 27724 28660,2743,21099,-3,
2026-07-31 04:35:48,16,7416 11824 14980 16744 17604 18572 18684 19024 20328 21076 22892 24116 25012 27224 27724 28660,2741,21101,-3,
2026-07-31 04:36:03,16,7416 11824 14980 16744 17604 18572 18684 19024 20328 21076 22892 24116 25012 27224 27724 28660,2741,21112,-3,
2026-07-31 04:36:18,16,7416 11824 14980 16744 17604 18572 18684 19024 20328 21076 22892 24116 25012 27224 27724 28660,2743,21105,-3,
2026-07-31 04:36:33,16,7416 11824 14980 16744 17604 18572 18684 19024 20328 21076 22892 24116 25012 27224 27724 28660,2741,21110,-3,
2026-07-31 04:36:48,16,7416 11824 14980 16744 17604 18572 18684 19024 20328 21076 22892 24116 25012 27224 27724 28660,2741,21109,-3,
2026-07-31 04:37:03,16,7416 11824 14980 16744 17604 18572 18684 19024 20328 21076 22892 24116 25012 27224 27724 28660,2742,21109,-3,
2026-07-31 04:37:18,16,7416 11824 14980 16744 17604 18572 18684 19024 20328 21076 22892 24116 25012 27224 27724 28660,2744,21104,-3,
2026-07-31 04:37:33,16,7416 11824 14980 16744 17604 18572 18684 19024 20328 21076 22892 24116 25012 27224 27724 28660,2743,21104,-3,
2026-07-31 04:37:48,16,7416 11824 14980 16744 17604 18572 18684 19024 20328 21076 22892 24116 25012 27224 27724 28660,2743,21111,-3,
2026-07-31 04:38:03,16,7416 11824 14980 16744 17604 18572 18684 19024 20328 21076 22892 24116 25012 27224 27724 28660,2742,21114,-3,
2026-07-31 04:38:18,16,7416 11824 14980 16744 17604 18572 18684 19024 20328 21076 22892 24116 25012 27224 27724 28660,2742,21110,-3,
2026-07-31 04:38:33,16,7416 11824 14980 16744 17604 18572 18684 19024 20328 21076 22892 24116 25012 27224 27724 28660,2742,21110,-3,
2026-07-31 04:38:48,16,7416 11824 14980 16744 17604 18572 18684 19024 20328 21076 22892 24116 25012 27224 27724 28660,2741,21111,-3,
2026-07-31 04:39:04,16,7416 11824 14980 16744 17604 18572 18684 19024 20328 21076 22892 24116 25012 27224 27724 28660,2741,21111,-3,
2026-07-31 04:39:19,16,7416 11824 14980 16744 17604 18572 18684 19024 20328 21076 22892 24116 25012 27224 27724 28660,2746,21108,-3,
2026-07-31 04:39:34,16,7416 11824 14980 16744 17604 18572 18684 19024 20328 21076 22892 24116 25012 27224 27724 28660,2742,21111,-3,
2026-07-31 04:39:49,16,7416 11824 14980 16744 17604 18572 18684 19024 20328 21076 22892 24116 25012 27224 27724 28660,2741,21112,-3,
2026-07-31 04:40:04,16,7416 11824 14980 16744 17604 18572 18684 19024 20328 21076 22892 24116 25012 27224 27724 28660,2742,21111,-3,
2026-07-31 04:40:19,16,7416 11824 14980 16744 17604 18572 18684 19024 20328 21076 22892 24116 25012 27224 27724 28660,2743,21109,-3,
2026-07-31 04:40:34,16,7416 11824 14980 16744 17604 18572 18684 19024 20328 21076 22892 24116 25012 27224 27724 28660,2742,21112,-3,
2026-07-31 04:40:49,16,7416 11824 14980 16744 17604 18572 18684 19024 20328 21076 22892 24116 25012 27224 27724 28660,2741,21112,-3,
2026-07-31 04:41:04,16,7416 11824 14980 16744 17604 18572 18684 19024 20328 21076 22892 24116 25012 27224 27724 28660,2741,21113,-3,
2026-07-31 04:41:19,16,7416 11824 14980 16744 17604 18572 18684 19024 20328 21076 22892 24116 25012 27224 27724 28660,2744,21112,-3,
2026-07-31 04:41:34,16,7416 11824 14980 16744 17604 18572 18684 19024 20328 21076 22892 24116 25012 27224 27724 28660,2742,21114,-3,
2026-07-31 04:41:49,16,7416 11824 14980 16744 17604 18572 18684 19024 20328 21076 22892 24116 25012 27224 27724 28660,2742,21114,-3,
2026-07-31 04:42:04,16,7416 11824 14980 16744 17604 18572 18684 19024 20328 21076 22892 24116 25012 27224 27724 28660,2742,21113,-3,
2026-07-31 04:42:19,16,7416 11824 14980 16744 17604 18572 18684 19024 20328 21076 22892 24116 25012 27224 27724 28660,2744,21110,-3,
2026-07-31 04:42:34,16,7416 11824 14980 16744 17604 18572 18684 19024 20328 21076 22892 24116 25012 27224 27724 28660,2742,21109,-3,
2026-07-31 04:42:49,16,7416 11824 14980 16744 17604 18572 18684 19024 20328 21076 22892 24116 25012 27224 27724 28660,2742,21094,-3,
2026-07-31 04:43:04,16,7416 11824 14980 16744 17604 18572 18684 19024 20328 21076 22892 24116 25012 27224 27724 28660,2743,21095,-3,
2026-07-31 04:43:20,16,7416 11824 14980 16744 17604 18572 18684 19024 20328 21076 22892 24116 25012 27224 27724 28660,2745,21100,-3,
2026-07-31 04:43:35,16,7416 11824 14980 16744 17604 18572 18684 19024 20328 21076 22892 24116 25012 27224 27724 28660,2745,21104,-3,
2026-07-31 04:43:50,16,7416 11824 14980 16744 17604 18572 18684 19024 20328 21076 22892 24116 25012 27224 27724 28660,2744,21104,-3,
2026-07-31 04:44:05,16,7416 11824 14980 16744 17604 18572 18684 19024 20328 21076 22892 24116 25012 27224 27724 28660,2744,21102,-3,
2026-07-31 04:44:20,16,7416 11824 14980 16744 17604 18572 18684 19024 20328 21076 22892 24116 25012 27224 27724 28660,2748,21101,-3,
2026-07-31 04:44:35,16,7416 11824 14980 16744 17604 18572 18684 19024 20328 21076 22892 24116 25012 27224 27724 28660,2746,21102,-3,
2026-07-31 04:44:50,16,7416 11824 14980 16744 17604 18572 18684 19024 20328 21076 22892 24116 25012 27224 27724 28660,2745,21104,-3,
2026-07-31 04:45:05,16,7416 11824 14980 16744 17604 18572 18684 19024 20328 21076 22892 24116 25012 27224 27724 28660,2744,21084,-3,
2026-07-31 04:45:20,16,7416 11824 14980 16744 17604 18572 18684 19024 20328 21076 22892 24116 25012 27224 27724 28660,2747,21080,-3,
2026-07-31 04:45:35,16,7416 11824 14980 16744 17604 18572 18684 19024 20328 21076 22892 24116 25012 27224 27724 28660,2746,21061,-3,
2026-07-31 04:45:50,16,7416 11824 14980 16744 17604 18572 18684 19024 20328 21076 22892 24116 25012 27224 27724 28660,2745,21083,-3,
2026-07-31 04:46:05,16,7416 11824 14980 16744 17604 18572 18684 19024 20328 21076 22892 24116 25012 27224 27724 28660,2744,21101,-3,
2026-07-31 04:46:20,16,7416 11824 14980 16744 17604 18572 18684 19024 20328 21076 22892 24116 25012 27224 27724 28660,2745,21101,-3,
2026-07-31 04:46:35,16,7416 11824 14980 16744 17604 18572 18684 19024 20328 21076 22892 24116 25012 27224 27724 28660,2744,21103,-3,
2026-07-31 04:46:50,16,7416 11824 14980 16744 17604 18572 18684 19024 20328 21076 22892 24116 25012 27224 27724 28660,2745,21101,-3,
2026-07-31 04:47:05,16,7416 11824 14980 16744 17604 18572 18684 19024 20328 21076 22892 24116 25012 27224 27724 28660,2744,21097,-3,
2026-07-31 04:47:20,16,7416 11824 14980 16744 17604 18572 18684 19024 20328 21076 22892 24116 25012 27224 27724 28660,2747,21094,-3,
2026-07-31 04:47:35,16,7416 11824 14980 16744 17604 18572 18684 19024 20328 21076 22892 24116 25012 27224 27724 28660,2747,21096,-3,
2026-07-31 04:47:51,16,7416 11824 14980 16744 17604 18572 18684 19024 20328 21076 22892 24116 25012 27224 27724 28660,2747,21097,-3,
2026-07-31 04:48:06,16,7416 11824 14980 16744 17604 18572 18684 19024 20328 21076 22892 24116 25012 27224 27724 28660,2745,21103,-3,
2026-07-31 04:48:21,16,7416 11824 14980 16744 17604 18572 18684 19024 20328 21076 22892 24116 25012 27224 27724 28660,2750,21100,-3,
2026-07-31 04:48:36,16,7416 11824 14980 16744 17604 18572 18684 19024 20328 21076 22892 24116 25012 27224 27724 28660,2749,21099,-3,
2026-07-31 04:48:51,16,7416 11824 14980 16744 17604 18572 18684 19024 20328 21076 22892 24116 25012 27224 27724 28660,2748,21101,-3,
2026-07-31 04:49:06,16,7416 11824 14980 16744 17604 18572 18684 19024 20328 21076 22892 24116 25012 27224 27724 28660,2747,21103,-3,
2026-07-31 04:49:21,16,7416 11824 14980 16744 17604 18572 18684 19024 20328 21076 22892 24116 25012 27224 27724 28660,2748,21102,-3,
2026-07-31 04:49:36,16,7416 11824 14980 16744 17604 18572 18684 19024 20328 21076 22892 24116 25012 27224 27724 28660,2749,21102,-3,
2026-07-31 04:49:51,16,7416 11824 14980 16744 17604 18572 18684 19024 20328 21076 22892 24116 25012 27224 27724 28660,2748,21104,-3,
2026-07-31 04:50:06,16,7416 11824 14980 16744 17604 18572 18684 19024 20328 21076 22892 24116 25012 27224 27724 28660,2747,21105,-3,
2026-07-31 04:50:21,16,7416 11824 14980 16744 17604 18572 18684 19024 20328 21076 22892 24116 25012 27224 27724 28660,2749,21104,-3,
2026-07-31 04:50:36,16,7416 11824 14980 16744 17604 18572 18684 19024 20328 21076 22892 24116 25012 27224 27724 28660,2749,21101,-3,
2026-07-31 04:50:51,16,7416 11824 14980 16744 17604 18572 18684 19024 20328 21076 22892 24116 25012 27224 27724 28660,2748,21106,-3,
2026-07-31 04:51:06,16,7416 11824 14980 16744 17604 18572 18684 19024 20328 21076 22892 24116 25012 27224 27724 28660,2746,21107,-3,
2026-07-31 04:51:21,16,7416 11824 14980 16744 17604 18572 18684 19024 20328 21076 22892 24116 25012 27224 27724 28660,2748,21107,-3,
2026-07-31 04:51:36,16,7416 11824 14980 16744 17604 18572 18684 19024 20328 21076 22892 24116 25012 27224 27724 28660,2750,21105,-3,
2026-07-31 04:51:51,16,7416 11824 14980 16744 17604 18572 18684 19024 20328 21076 22892 24116 25012 27224 27724 28660,2750,21105,-3,
2026-07-31 04:52:07,16,7416 11824 14980 16744 17604 18572 18684 19024 20328 21076 22892 24116 25012 27224 27724 28660,2746,21110,-3,
2026-07-31 04:52:22,16,7416 11824 14980 16744 17604 18572 18684 19024 20328 21076 22892 24116 25012 27224 27724 28660,2749,21109,-3,
2026-07-31 04:52:37,16,7416 11824 14980 16744 17604 18572 18684 19024 20328 21076 22892 24116 25012 27224 27724 28660,2750,21107,-3,
2026-07-31 04:52:52,16,7416 11824 14980 16744 17604 18572 18684 19024 20328 21076 22892 24116 25012 27224 27724 28660,2751,21107,-3,
2026-07-31 04:53:07,16,7416 11824 14980 16744 17604 18572 18684 19024 20328 21076 22892 24116 25012 27224 27724 28660,2749,21107,-3,
2026-07-31 04:53:22,16,7416 11824 14980 16744 17604 18572 18684 19024 20328 21076 22892 24116 25012 27224 27724 28660,2752,21107,-3,
2026-07-31 04:53:37,16,7416 11824 14980 16744 17604 18572 18684 19024 20328 21076 22892 24116 25012 27224 27724 28660,2751,21106,-3,
2026-07-31 04:53:52,16,7416 11824 14980 16744 17604 18572 18684 19024 20328 21076 22892 24116 25012 27224 27724 28660,2751,21107,-3,
2026-07-31 04:54:07,16,7416 11824 14980 16744 17604 18572 18684 19024 20328 21076 22892 24116 25012 27224 27724 28660,2750,21108,-3,
2026-07-31 04:54:22,16,7416 11824 14980 16744 17604 18572 18684 19024 20328 21076 22892 24116 25012 27224 27724 28660,2750,21108,-3,
2026-07-31 04:54:37,16,7416 11824 14980 16744 17604 18572 18684 19024 20328 21076 22892 24116 25012 27224 27724 28660,2750,21107,-3,
2026-07-31 04:54:52,16,7416 11824 14980 16744 17604 18572 18684 19024 20328 21076 22892 24116 25012 27224 27724 28660,2746,21111,-3,
2026-07-31 04:55:07,16,7416 11824 14980 16744 17604 18572 18684 19024 20328 21076 22892 24116 25012 27224 27724 28660,2747,21106,-3,
2026-07-31 04:55:22,16,7416 11824 14980 16744 17604 18572 18684 19024 20328 21076 22892 24116 25012 27224 27724 28660,2749,21105,-3,
2026-07-31 04:55:37,16,7416 11824 14980 16744 17604 18572 18684 19024 20328 21076 22892 24116 25012 27224 27724 28660,2752,21104,-3,
2026-07-31 04:55:52,16,7416 11824 14980 16744 17604 18572 18684 19024 20328 21076 22892 24116 25012 27224 27724 28660,2751,21109,-3,
2026-07-31 04:56:07,16,7416 11824 14980 16744 17604 18572 18684 19024 20328 21076 22892 24116 25012 27224 27724 28660,2749,21109,-3,
2026-07-31 04:56:23,16,7416 11824 14980 16744 17604 18572 18684 19024 20328 21076 22892 24116 25012 27224 27724 28660,2776,21107,-3,
2026-07-31 04:56:38,16,7416 11824 14980 16744 17604 18572 18684 19024 20328 21076 22892 24116 25012 27224 27724 28660,2749,21094,-3,
2026-07-31 04:56:53,16,7416 11824 14980 16744 17604 18572 18684 19024 20328 21076 22892 24116 25012 27224 27724 28660,2748,21107,-3,
2026-07-31 04:57:08,16,7416 11824 14980 16744 17604 18572 18684 19024 20328 21076 22892 24116 25012 27224 27724 28660,2748,21102,-3,
2026-07-31 04:57:23,16,7416 11824 14980 16744 17604 18572 18684 19024 20328 21076 22892 24116 25012 27224 27724 28660,2747,21106,-3,
2026-07-31 04:57:38,16,7416 11824 14980 16744 17604 18572 18684 19024 20328 21076 22892 24116 25012 27224 27724 28660,2747,21104,-3,
2026-07-31 04:57:53,16,7416 11824 14980 16744 17604 18572 18684 19024 20328 21076 22892 24116 25012 27224 27724 28660,2749,21102,-3,
2026-07-31 04:58:08,16,7416 11824 14980 16744 17604 18572 18684 19024 20328 21076 22892 24116 25012 27224 27724 28660,2747,21103,-3,
2026-07-31 04:58:23,16,7416 11824 14980 16744 17604 18572 18684 19024 20328 21076 22892 24116 25012 27224 27724 28660,2742,21108,-3,
2026-07-31 04:58:38,16,7416 11824 14980 16744 17604 18572 18684 19024 20328 21076 22892 24116 25012 27224 27724 28660,2745,21105,-3,
2026-07-31 04:58:53,16,7416 11824 14980 16744 17604 18572 18684 19024 20328 21076 22892 24116 25012 27224 27724 28660,2739,21110,-3,
2026-07-31 04:59:08,16,7416 11824 14980 16744 17604 18572 18684 19024 20328 21076 22892 24116 25012 27224 27724 28660,2739,21110,-3,
2026-07-31 04:59:23,16,7416 11824 14980 16744 17604 18572 18684 19024 20328 21076 22892 24116 25012 27224 27724 28660,2740,21110,-3,
2026-07-31 04:59:38,16,7416 11824 14980 16744 17604 18572 18684 19024 20328 21076 22892 24116 25012 27224 27724 28660,2744,21106,-3,
2026-07-31 04:59:53,16,7416 11824 14980 16744 17604 18572 18684 19024 20328 21076 22892 24116 25012 27224 27724 28660,2742,21109,-3,
2026-07-31 05:00:08,16,7416 11824 14980 16744 17604 18572 18684 19024 20328 21076 22892 24116 25012 27224 27724 28660,2743,21086,-3,
2026-07-31 05:00:23,16,7416 11824 14980 16744 17604 18572 18684 19024 20328 21076 22892 24116 25012 27224 27724 28660,2742,21087,-3,
2026-07-31 05:00:38,16,7416 11824 14980 16744 17604 18572 18684 19024 20328 21076 22892 24116 25012 27224 27724 28660,2747,21084,-3,
2026-07-31 05:00:54,16,7416 11824 14980 16744 17604 18572 18684 19024 20328 21076 22892 24116 25012 27224 27724 28660,2745,21086,-3,
2026-07-31 05:01:09,16,7416 11824 14980 16744 17604 18572 18684 19024 20328 21076 22892 24116 25012 27224 27724 28660,2745,21103,-3,
2026-07-31 05:01:24,16,7416 11824 14980 16744 17604 18572 18684 19024 20328 21076 22892 24116 25012 27224 27724 28660,2745,21104,-3,
2026-07-31 05:01:39,16,7416 11824 14980 16744 17604 18572 18684 19024 20328 21076 22892 24116 25012 27224 27724 28660,2743,21109,-3,
2026-07-31 05:01:54,16,7416 11824 14980 16744 17604 18572 18684 19024 20328 21076 22892 24116 25012 27224 27724 28660,2742,21106,-3,
2026-07-31 05:02:09,16,7416 11824 14980 16744 17604 18572 18684 19024 20328 21076 22892 24116 25012 27224 27724 28660,2742,21107,-3,
2026-07-31 05:02:24,16,7416 11824 14980 16744 17604 18572 18684 19024 20328 21076 22892 24116 25012 27224 27724 28660,2739,21109,-3,
2026-07-31 05:02:39,16,7416 11824 14980 16744 17604 18572 18684 19024 20328 21076 22892 24116 25012 27224 27724 28660,2744,21103,-3,
2026-07-31 05:02:54,16,7416 11824 14980 16744 17604 18572 18684 19024 20328 21076 22892 24116 25012 27224 27724 28660,2744,21106,-3,
2026-07-31 05:03:09,16,7416 11824 14980 16744 17604 18572 18684 19024 20328 21076 22892 24116 25012 27224 27724 28660,2742,21108,-3,
2026-07-31 05:03:24,16,7416 11824 14980 16744 17604 18572 18684 19024 20328 21076 22892 24116 25012 27224 27724 28660,2741,21109,-3,
2026-07-31 05:03:39,16,7416 11824 14980 16744 17604 18572 18684 19024 20328 21076 22892 24116 25012 27224 27724 28660,2744,21104,-3,
2026-07-31 05:03:54,16,7416 11824 14980 16744 17604 18572 18684 19024 20328 21076 22892 24116 25012 27224 27724 28660,2744,21108,-3,
2026-07-31 05:04:09,16,7416 11824 14980 16744 17604 18572 18684 19024 20328 21076 22892 24116 25012 27224 27724 28660,2744,21102,-3,
2026-07-31 05:04:24,16,7416 11824 14980 16744 17604 18572 18684 19024 20328 21076 22892 24116 25012 27224 27724 28660,2742,21105,-3,
2026-07-31 05:04:39,16,7416 11824 14980 16744 17604 18572 18684 19024 20328 21076 22892 24116 25012 27224 27724 28660,2746,21096,-3,
2026-07-31 05:04:54,16,7416 11824 14980 16744 17604 18572 18684 19024 20328 21076 22892 24116 25012 27224 27724 28660,2743,21104,-3,
2026-07-31 05:05:10,16,7416 11824 14980 16744 17604 18572 18684 19024 20328 21076 22892 24116 25012 27224 27724 28660,2743,21104,-3,
2026-07-31 05:05:25,16,7416 11824 14980 16744 17604 18572 18684 19024 20328 21076 22892 24116 25012 27224 27724 28660,2742,21104,-3,
2026-07-31 05:05:40,16,7416 11824 14980 16744 17604 18572 18684 19024 20328 21076 22892 24116 25012 27224 27724 28660,2745,21101,-3,
2026-07-31 05:05:55,16,7416 11824 14980 16744 17604 18572 18684 19024 20328 21076 22892 24116 25012 27224 27724 28660,2745,21102,-3,
2026-07-31 05:06:10,16,7416 11824 14980 16744 17604 18572 18684 19024 20328 21076 22892 24116 25012 27224 27724 28660,2745,21102,-3,
2026-07-31 05:06:25,16,7416 11824 14980 16744 17604 18572 18684 19024 20328 21076 22892 24116 25012 27224 27724 28660,2743,21104,-3,
2026-07-31 05:06:40,16,7416 11824 14980 16744 17604 18572 18684 19024 20328 21076 22892 24116 25012 27224 27724 28660,2745,21102,-3,
2026-07-31 05:06:55,16,7416 11824 14980 16744 17604 18572 18684 19024 20328 21076 22892 24116 25012 27224 27724 28660,2743,21100,-3,
2026-07-31 05:07:10,16,7416 11824 14980 16744 17604 18572 18684 19024 20328 21076 22892 24116 25012 27224 27724 28660,2744,21102,-3,
2026-07-31 05:07:25,16,7416 11824 14980 16744 17604 18572 18684 19024 20328 21076 22892 24116 25012 27224 27724 28660,2742,21100,-3,
2026-07-31 05:07:40,16,7416 11824 14980 16744 17604 18572 18684 19024 20328 21076 22892 24116 25012 27224 27724 28660,2746,21097,-3,
2026-07-31 05:07:55,16,7416 11824 14980 16744 17604 18572 18684 19024 20328 21076 22892 24116 25012 27224 27724 28660,2746,21080,-3,
2026-07-31 05:08:10,16,7416 11824 14980 16744 17604 18572 18684 19024 20328 21076 22892 24116 25012 27224 27724 28660,2743,21081,-3,
2026-07-31 05:08:25,16,7416 11824 14980 16744 17604 18572 18684 19024 20328 21076 22892 24116 25012 27224 27724 28660,2743,21083,-3,
2026-07-31 05:08:40,16,7416 11824 14980 16744 17604 18572 18684 19024 20328 21076 22892 24116 25012 27224 27724 28660,2745,21081,-3,
2026-07-31 05:08:55,16,7416 11824 14980 16744 17604 18572 18684 19024 20328 21076 22892 24116 25012 27224 27724 28660,2745,21097,-3,
2026-07-31 05:09:10,16,7416 11824 14980 16744 17604 18572 18684 19024 20328 21076 22892 24116 25012 27224 27724 28660,2744,21100,-3,
2026-07-31 05:09:26,16,7416 11824 14980 16744 17604 18572 18684 19024 20328 21076 22892 24116 25012 27224 27724 28660,2744,21100,-3,
2026-07-31 05:09:41,16,7416 11824 14980 16744 17604 18572 18684 19024 20328 21076 22892 24116 25012 27224 27724 28660,2746,21099,-3,
2026-07-31 05:09:56,16,7416 11824 14980 16744 17604 18572 18684 19024 20328 21076 22892 24116 25012 27224 27724 28660,2746,21098,-3,
2026-07-31 05:10:11,16,7416 11824 14980 16744 17604 18572 18684 19024 20328 21076 22892 24116 25012 27224 27724 28660,2745,21103,-3,
2026-07-31 05:10:26,16,7416 11824 14980 16744 17604 18572 18684 19024 20328 21076 22892 24116 25012 27224 27724 28660,2744,21102,-3,
2026-07-31 05:10:41,16,7416 11824 14980 16744 17604 18572 18684 19024 20328 21076 22892 24116 25012 27224 27724 28660,2746,21102,-3,
2026-07-31 05:10:56,16,7416 11824 14980 16744 17604 18572 18684 19024 20328 21076 22892 24116 25012 27224 27724 28660,2745,21102,-3,
2026-07-31 05:11:11,16,7416 11824 14980 16744 17604 18572 18684 19024 20328 21076 22892 24116 25012 27224 27724 28660,2745,21104,-3,
2026-07-31 05:11:26,16,7416 11824 14980 16744 17604 18572 18684 19024 20328 21076 22892 24116 25012 27224 27724 28660,2744,21104,-3,
2026-07-31 05:11:41,16,7416 11824 14980 16744 17604 18572 18684 19024 20328 21076 22892 24116 25012 27224 27724 28660,2746,21105,-3,
2026-07-31 05:11:56,16,7416 11824 14980 16744 17604 18572 18684 19024 20328 21076 22892 24116 25012 27224 27724 28660,2746,21104,-3,
2026-07-31 05:12:11,16,7416 11824 14980 16744 17604 18572 18684 19024 20328 21076 22892 24116 25012 27224 27724 28660,2744,21109,-3,
2026-07-31 05:12:26,16,7416 11824 14980 16744 17604 18572 18684 19024 20328 21076 22892 24116 25012 27224 27724 28660,2744,21107,-3,
2026-07-31 05:12:41,16,7416 11824 14980 16744 17604 18572 18684 19024 20328 21076 22892 24116 25012 27224 27724 28660,2745,21106,-3,
2026-07-31 05:12:56,16,7416 11824 14980 16744 17604 18572 18684 19024 20328 21076 22892 24116 25012 27224 27724 28660,2745,21105,-3,
2026-07-31 05:13:11,16,7416 11824 14980 16744 17604 18572 18684 19024 20328 21076 22892 24116 25012 27224 27724 28660,2746,21104,-3,
2026-07-31 05:13:26,16,7416 11824 14980 16744 17604 18572 18684 19024 20328 21076 22892 24116 25012 27224 27724 28660,2744,21104,-3,
2026-07-31 05:13:42,16,7416 11824 14980 16744 17604 18572 18684 19024 20328 21076 22892 24116 25012 27224 27724 28660,2746,21102,-3,
2026-07-31 05:13:57,16,7416 11824 14980 16744 17604 18572 18684 19024 20328 21076 22892 24116 25012 27224 27724 28660,2750,21102,-3,
2026-07-31 05:14:12,16,7416 11824 14980 16744 17604 18572 18684 19024 20328 21076 22892 24116 25012 27224 27724 28660,2751,21098,-3,
2026-07-31 05:14:27,16,7416 11824 14980 16744 17604 18572 18684 19024 20328 21076 22892 24116 25012 27224 27724 28660,2753,21094,-3,
2026-07-31 05:14:42,16,7416 11824 14980 16744 17604 18572 18684 19024 20328 21076 22892 24116 25012 27224 27724 28660,2749,21098,-3,
2026-07-31 05:14:57,16,7416 11824 14980 16744 17604 18572 18684 19024 20328 21076 22892 24116 25012 27224 27724 28660,2748,21099,-3,
2026-07-31 05:15:12,16,7416 11824 14980 16744 17604 18572 18684 19024 20328 21076 22892 24116 25012 27224 27724 28660,2747,21101,-3,
2026-07-31 05:15:27,16,7416 11824 14980 16744 17604 18572 18684 19024 20328 21076 22892 24116 25012 27224 27724 28660,2744,21102,-3,
2026-07-31 05:15:42,16,7416 11824 14980 16744 17604 18572 18684 19024 20328 21076 22892 24116 25012 27224 27724 28660,2748,21099,-3,
2026-07-31 05:15:57,16,7416 11824 14980 16744 17604 18572 18684 19024 20328 21076 22892 24116 25012 27224 27724 28660,2745,21102,-3,
2026-07-31 05:16:12,16,7416 11824 14980 16744 17604 18572 18684 19024 20328 21076 22892 24116 25012 27224 27724 28660,2745,21103,-3,
2026-07-31 05:16:27,16,7416 11824 14980 16744 17604 18572 18684 19024 20328 21076 22892 24116 25012 27224 27724 28660,2745,21098,-3,
2026-07-31 05:16:42,16,7416 11824 14980 16744 17604 18572 18684 19024 20328 21076 22892 24116 25012 27224 27724 28660,2747,21094,-3,
2026-07-31 05:16:57,16,7416 11824 14980 16744 17604 18572 18684 19024 20328 21076 22892 24116 25012 27224 27724 28660,2748,21086,-3,
2026-07-31 05:17:12,16,7416 11824 14980 16744 17604 18572 18684 19024 20328 21076 22892 24116 25012 27224 27724 28660,2748,21086,-3,
2026-07-31 05:17:27,16,7416 11824 14980 16744 17604 18572 18684 19024 20328 21076 22892 24116 25012 27224 27724 28660,2746,21087,-3,
2026-07-31 05:17:42,16,7416 11824 14980 16744 17604 18572 18684 19024 20328 21076 22892 24116 25012 27224 27724 28660,2746,21080,-3,
2026-07-31 05:17:57,16,7416 11824 14980 16744 17604 18572 18684 19024 20328 21076 22892 24116 25012 27224 27724 28660,2746,21081,-3,
2026-07-31 05:18:13,16,7416 11824 14980 16744 17604 18572 18684 19024 20328 21076 22892 24116 25012 27224 27724 28660,2747,21085,-3,
2026-07-31 05:18:28,16,7416 11824 14980 16744 17604 18572 18684 19024 20328 21076 22892 24116 25012 27224 27724 28660,2747,21084,-3,
2026-07-31 05:18:43,16,7416 11824 14980 16744 17604 18572 18684 19024 20328 21076 22892 24116 25012 27224 27724 28660,2748,21083,-3,
2026-07-31 05:18:58,16,7416 11824 14980 16744 17604 18572 18684 19024 20328 21076 22892 24116 25012 27224 27724 28660,2750,21083,-3,
2026-07-31 05:19:13,16,7416 11824 14980 16744 17604 18572 18684 19024 20328 21076 22892 24116 25012 27224 27724 28660,2749,21085,-3,
2026-07-31 05:19:28,16,7416 11824 14980 16744 17604 18572 18684 19024 20328 21076 22892 24116 25012 27224 27724 28660,2747,21088,-3,
2026-07-31 05:19:43,16,7416 11824 14980 16744 17604 18572 18684 19024 20328 21076 22892 24116 25012 27224 27724 28660,2747,21090,-3,
2026-07-31 05:19:58,16,7416 11824 14980 16744 17604 18572 18684 19024 20328 21076 22892 24116 25012 27224 27724 28660,2747,21090,-3,
2026-07-31 05:20:13,16,7416 11824 14980 16744 17604 18572 18684 19024 20328 21076 22892 24116 25012 27224 27724 28660,2746,21092,-3,
2026-07-31 05:20:28,16,7416 11824 14980 16744 17604 18572 18684 19024 20328 21076 22892 24116 25012 27224 27724 28660,2747,21092,-3,
2026-07-31 05:20:43,16,7416 11824 14980 16744 17604 18572 18684 19024 20328 21076 22892 24116 25012 27224 27724 28660,2748,21088,-3,
2026-07-31 05:20:58,16,7416 11824 14980 16744 17604 18572 18684 19024 20328 21076 22892 24116 25012 27224 27724 28660,2749,21087,-3,
2026-07-31 05:21:13,16,7416 11824 14980 16744 17604 18572 18684 19024 20328 21076 22892 24116 25012 27224 27724 28660,2749,21085,-3,
2026-07-31 05:21:28,16,7416 11824 14980 16744 17604 18572 18684 19024 20328 21076 22892 24116 25012 27224 27724 28660,2748,21084,-3,
2026-07-31 05:21:43,16,7416 11824 14980 16744 17604 18572 18684 19024 20328 21076 22892 24116 25012 27224 27724 28660,2748,21088,-3,
2026-07-31 05:21:58,16,7416 11824 14980 16744 17604 18572 18684 19024 20328 21076 22892 24116 25012 27224 27724 28660,2749,21082,-3,
2026-07-31 05:22:14,16,7416 11824 14980 16744 17604 18572 18684 19024 20328 21076 22892 24116 25012 27224 27724 28660,2748,21091,-3,
2026-07-31 05:22:29,16,7416 11824 14980 16744 17604 18572 18684 19024 20328 21076 22892 24116 25012 27224 27724 28660,2746,21093,-3,
2026-07-31 05:22:44,16,7416 11824 14980 16744 17604 18572 18684 19024 20328 21076 22892 24116 25012 27224 27724 28660,2747,21090,-3,
2026-07-31 05:22:59,16,7416 11824 14980 16744 17604 18572 18684 19024 20328 21076 22892 24116 25012 27224 27724 28660,2750,21089,-3,
2026-07-31 05:23:14,16,7416 11824 14980 16744 17604 18572 18684 19024 20328 21076 22892 24116 25012 27224 27724 28660,2750,21094,-3,
2026-07-31 05:23:29,16,7416 11824 14980 16744 17604 18572 18684 19024 20328 21076 22892 24116 25012 27224 27724 28660,2747,21096,-3,
2026-07-31 05:23:44,16,7416 11824 14980 16744 17604 18572 18684 19024 20328 21076 22892 24116 25012 27224 27724 28660,2749,21074,-3,
2026-07-31 05:23:59,16,7416 11824 14980 16744 17604 18572 18684 19024 20328 21076 22892 24116 25012 27224 27724 28660,2750,21074,-3,
2026-07-31 05:24:14,16,7416 11824 14980 16744 17604 18572 18684 19024 20328 21076 22892 24116 25012 27224 27724 28660,2750,21075,-3,
2026-07-31 05:24:29,16,7416 11824 14980 16744 17604 18572 18684 19024 20328 21076 22892 24116 25012 27224 27724 28660,2748,21077,-3,
2026-07-31 05:24:44,16,7416 11824 14980 16744 17604 18572 18684 19024 20328 21076 22892 24116 25012 27224 27724 28660,2749,21086,-3,
2026-07-31 05:24:59,16,7416 11824 14980 16744 17604 18572 18684 19024 20328 21076 22892 24116 25012 27224 27724 28660,2751,21084,-3,
2026-07-31 05:25:14,16,7416 11824 14980 16744 17604 18572 18684 19024 20328 21076 22892 24116 25012 27224 27724 28660,2749,21087,-3,
2026-07-31 05:25:29,16,7416 11824 14980 16744 17604 18572 18684 19024 20328 21076 22892 24116 25012 27224 27724 28660,2748,21089,-3,
2026-07-31 05:25:44,16,7416 11824 14980 16744 17604 18572 18684 19024 20328 21076 22892 24116 25012 27224 27724 28660,2748,21095,-3,
2026-07-31 05:25:59,16,7416 11824 14980 16744 17604 18572 18684 19024 20328 21076 22892 24116 25012 27224 27724 28660,2750,21094,-3,
2026-07-31 05:26:14,16,7416 11824 14980 16744 17604 18572 18684 19024 20328 21076 22892 24116 25012 27224 27724 28660,2748,21096,-3,
2026-07-31 05:26:30,16,7416 11824 14980 16744 17604 18572 18684 19024 20328 21076 22892 24116 25012 27224 27724 28660,2749,21095,-3,
2026-07-31 05:26:45,16,7416 11824 14980 16744 17604 18572 18684 19024 20328 21076 22892 24116 25012 27224 27724 28660,2749,21093,-3,
2026-07-31 05:27:00,16,7416 11824 14980 16744 17604 18572 18684 19024 20328 21076 22892 24116 25012 27224 27724 28660,2751,21091,-3,
2026-07-31 05:27:15,16,7416 11824 14980 16744 17604 18572 18684 19024 20328 21076 22892 24116 25012 27224 27724 28660,2750,21093,-3,
2026-07-31 05:27:30,16,7416 11824 14980 16744 17604 18572 18684 19024 20328 21076 22892 24116 25012 27224 27724 28660,2749,21094,-3,
2026-07-31 05:27:45,16,7416 11824 14980 16744 17604 18572 18684 19024 20328 21076 22892 24116 25012 27224 27724 28660,2749,21087,-3,
2026-07-31 05:28:00,16,7416 11824 14980 16744 17604 18572 18684 19024 20328 21076 22892 24116 25012 27224 27724 28660,2753,21069,-3,
2026-07-31 05:28:15,16,7416 11824 14980 16744 17604 18572 18684 19024 20328 21076 22892 24116 25012 27224 27724 28660,2750,21077,-3,
2026-07-31 05:28:30,16,7416 11824 14980 16744 17604 18572 18684 19024 20328 21076 22892 24116 25012 27224 27724 28660,2750,21083,-3,
2026-07-31 05:28:45,16,7416 11824 14980 16744 17604 18572 18684 19024 20328 21076 22892 24116 25012 27224 27724 28660,2751,21077,-3,
2026-07-31 05:29:00,16,7416 11824 14980 16744 17604 18572 18684 19024 20328 21076 22892 24116 25012 27224 27724 28660,2751,21077,-3,
2026-07-31 05:29:15,16,7416 11824 14980 16744 17604 18572 18684 19024 20328 21076 22892 24116 25012 27224 27724 28660,2751,21081,-3,
2026-07-31 05:29:30,16,7416 11824 14980 16744 17604 18572 18684 19024 20328 21076 22892 24116 25012 27224 27724 28660,2749,21071,-3,
2026-07-31 05:29:45,16,7416 11824 14980 16744 17604 18572 18684 19024 20328 21076 22892 24116 25012 27224 27724 28660,2750,21065,-3,
2026-07-31 05:30:00,16,7416 11824 14980 16744 17604 18572 18684 19024 20328 21076 22892 24116 25012 27224 27724 28660,2750,21073,-3,
2026-07-31 05:30:15,16,7416 11824 14980 16744 17604 18572 18684 19024 20328 21076 22892 24116 25012 27224 27724 28660,2750,21075,-3,
2026-07-31 05:30:30,16,7416 11824 14980 16744 17604 18572 18684 19024 20328 21076 22892 24116 25012 27224 27724 28660,2748,21077,-3,
2026-07-31 05:30:46,16,7416 11824 14980 16744 17604 18572 18684 19024 20328 21076 22892 24116 25012 27224 27724 28660,2750,21064,-3,
2026-07-31 05:31:01,16,7416 11824 14980 16744 17604 18572 18684 19024 20328 21076 22892 24116 25012 27224 27724 28660,2753,21061,-3,
2026-07-31 05:31:16,16,7416 11824 14980 16744 17604 18572 18684 19024 20328 21076 22892 24116 25012 27224 27724 28660,2752,21044,-3,
2026-07-31 05:31:31,16,7416 11824 14980 16744 17604 18572 18684 19024 20328 21076 22892 24116 25012 27224 27724 28660,2749,21083,-3,
2026-07-31 05:31:46,16,7416 11824 14980 16744 17604 18572 18684 19024 20328 21076 22892 24116 25012 27224 27724 28660,2751,21062,-3,
2026-07-31 05:32:01,16,7416 11824 14980 16744 17604 18572 18684 19024 20328 21076 22892 24116 25012 27224 27724 28660,2751,21066,-3,
2026-07-31 05:32:16,16,7416 11824 14980 16744 17604 18572 18684 19024 20328 21076 22892 24116 25012 27224 27724 28660,2750,21064,-3,
2026-07-31 05:32:31,16,7416 11824 14980 16744 17604 18572 18684 19024 20328 21076 22892 24116 25012 27224 27724 28660,2748,21067,-3,
2026-07-31 05:32:46,16,7416 11824 14980 16744 17604 18572 18684 19024 20328 21076 22892 24116 25012 27224 27724 28660,2748,21068,-3,
2026-07-31 05:33:01,16,7416 11824 14980 16744 17604 18572 18684 19024 20328 21076 22892 24116 25012 27224 27724 28660,2750,21070,-3,
2026-07-31 05:33:16,16,7416 11824 14980 16744 17604 18572 18684 19024 20328 21076 22892 24116 25012 27224 27724 28660,2750,21071,-3,
2026-07-31 05:33:31,16,7416 11824 14980 16744 17604 18572 18684 19024 20328 21076 22892 24116 25012 27224 27724 28660,2748,21069,-3,
2026-07-31 05:33:46,16,7416 11824 14980 16744 17604 18572 18684 19024 20328 21076 22892 24116 25012 27224 27724 28660,2750,21072,-3,
2026-07-31 05:34:01,16,7416 11824 14980 16744 17604 18572 18684 19024 20328 21076 22892 24116 25012 27224 27724 28660,2750,21073,-3,
2026-07-31 05:34:16,16,7416 11824 14980 16744 17604 18572 18684 19024 20328 21076 22892 24116 25012 27224 27724 28660,2749,21074,-3,
2026-07-31 05:34:31,16,7416 11824 14980 16744 17604 18572 18684 19024 20328 21076 22892 24116 25012 27224 27724 28660,2748,21073,-3,
2026-07-31 05:34:46,16,7416 11824 14980 16744 17604 18572 18684 19024 20328 21076 22892 24116 25012 27224 27724 28660,2749,21072,-3,
2026-07-31 05:35:02,16,7416 11824 14980 16744 17604 18572 18684 19024 20328 21076 22892 24116 25012 27224 27724 28660,2749,21073,-3,
2026-07-31 05:35:17,16,7416 11824 14980 16744 17604 18572 18684 19024 20328 21076 22892 24116 25012 27224 27724 28660,2751,21072,-3,
2026-07-31 05:35:32,16,7416 11824 14980 16744 17604 18572 18684 19024 20328 21076 22892 24116 25012 27224 27724 28660,2747,21075,-3,
2026-07-31 05:35:47,16,7416 11824 14980 16744 17604 18572 18684 19024 20328 21076 22892 24116 25012 27224 27724 28660,2750,21073,-3,
2026-07-31 05:36:02,16,7416 11824 14980 16744 17604 18572 18684 19024 20328 21076 22892 24116 25012 27224 27724 28660,2752,21146,-3,
2026-07-31 05:36:17,16,7416 11824 14980 16744 17604 18572 18684 19024 20328 21076 22892 24116 25012 27224 27724 28660,2750,21148,-3,
2026-07-31 05:36:32,16,7416 11824 14980 16744 17604 18572 18684 19024 20328 21076 22892 24116 25012 27224 27724 28660,2748,21149,-3,
2026-07-31 05:36:47,16,7416 11824 14980 16744 17604 18572 18684 19024 20328 21076 22892 24116 25012 27224 27724 28660,2752,21147,-3,
2026-07-31 05:37:02,16,7416 11824 14980 16744 17604 18572 18684 19024 20328 21076 22892 24116 25012 27224 27724 28660,2751,21154,-3,
2026-07-31 05:37:17,16,7416 11824 14980 16744 17604 18572 18684 19024 20328 21076 22892 24116 25012 27224 27724 28660,2750,21144,-3,
2026-07-31 05:37:32,16,7416 11824 14980 16744 17604 18572 18684 19024 20328 21076 22892 24116 25012 27224 27724 28660,2748,21149,-3,
2026-07-31 05:37:47,16,7416 11824 14980 16744 17604 18572 18684 19024 20328 21076 22892 24116 25012 27224 27724 28660,2753,21143,-3,
2026-07-31 05:38:02,16,7416 11824 14980 16744 17604 18572 18684 19024 20328 21076 22892 24116 25012 27224 27724 28660,2750,21146,-3,
2026-07-31 05:38:17,16,7416 11824 14980 16744 17604 18572 18684 19024 20328 21076 22892 24116 25012 27224 27724 28660,2749,21147,-3,
2026-07-31 05:38:32,16,7416 11824 14980 16744 17604 18572 18684 19024 20328 21076 22892 24116 25012 27224 27724 28660,2750,21147,-3,
2026-07-31 05:38:47,16,7416 11824 14980 16744 17604 18572 18684 19024 20328 21076 22892 24116 25012 27224 27724 28660,2753,21144,-3,
2026-07-31 05:39:02,16,7416 11824 14980 16744 17604 18572 18684 19024 20328 21076 22892 24116 25012 27224 27724 28660,2752,21147,-3,
2026-07-31 05:39:17,16,7416 11824 14980 16744 17604 18572 18684 19024 20328 21076 22892 24116 25012 27224 27724 28660,2751,21148,-3,
2026-07-31 05:39:33,16,7416 11824 14980 16744 17604 18572 18684 19024 20328 21076 22892 24116 25012 27224 27724 28660,2749,21150,-3,
2026-07-31 05:39:48,16,7416 11824 14980 16744 17604 18572 18684 19024 20328 21076 22892 24116 25012 27224 27724 28660,2751,21148,-3,
2026-07-31 05:40:03,16,7416 11824 14980 16744 17604 18572 18684 19024 20328 21076 22892 24116 25012 27224 27724 28660,2750,21139,-3,
2026-07-31 05:40:18,16,7416 11824 14980 16744 17604 18572 18684 19024 20328 21076 22892 24116 25012 27224 27724 28660,2751,21124,-3,
2026-07-31 05:40:33,16,7416 11824 14980 16744 17604 18572 18684 19024 20328 21076 22892 24116 25012 27224 27724 28660,2749,21125,-3,
2026-07-31 05:40:48,16,7416 11824 14980 16744 17604 18572 18684 19024 20328 21076 22892 24116 25012 27224 27724 28660,2752,21135,-3,
2026-07-31 05:41:03,16,7416 11824 14980 16744 17604 18572 18684 19024 20328 21076 22892 24116 25012 27224 27724 28660,2753,21135,-3,
2026-07-31 05:41:18,16,7416 11824 14980 16744 17604 18572 18684 19024 20328 21076 22892 24116 25012 27224 27724 28660,2751,21137,-3,
2026-07-31 05:41:33,16,7416 11824 14980 16744 17604 18572 18684 19024 20328 21076 22892 24116 25012 27224 27724 28660,2749,21137,-3,
2026-07-31 05:41:48,16,7416 11824 14980 16744 17604 18572 18684 19024 20328 21076 22892 24116 25012 27224 27724 28660,2751,21136,-3,
2026-07-31 05:42:03,16,7416 11824 14980 16744 17604 18572 18684 19024 20328 21076 22892 24116 25012 27224 27724 28660,2751,21135,-3,
2026-07-31 05:42:18,16,7416 11824 14980 16744 17604 18572 18684 19024 20328 21076 22892 24116 25012 27224 27724 28660,2754,21133,-3,
2026-07-31 05:42:33,16,7416 11824 14980 16744 17604 18572 18684 19024 20328 21076 22892 24116 25012 27224 27724 28660,2749,21139,-3,
2026-07-31 05:42:48,16,7416 11824 14980 16744 17604 18572 18684 19024 20328 21076 22892 24116 25012 27224 27724 28660,2752,21135,-3,
2026-07-31 05:43:03,16,7416 11824 14980 16744 17604 18572 18684 19024 20328 21076 22892 24116 25012 27224 27724 28660,2750,21137,-3,
2026-07-31 05:43:18,16,7416 11824 14980 16744 17604 18572 18684 19024 20328 21076 22892 24116 25012 27224 27724 28660,2748,21140,-3,
2026-07-31 05:43:33,16,7416 11824 14980 16744 17604 18572 18684 19024 20328 21076 22892 24116 25012 27224 27724 28660,2748,21141,-3,
2026-07-31 05:43:49,16,7416 11824 14980 16744 17604 18572 18684 19024 20328 21076 22892 24116 25012 27224 27724 28660,2753,21138,-3,
2026-07-31 05:44:04,16,7416 11824 14980 16744 17604 18572 18684 19024 20328 21076 22892 24116 25012 27224 27724 28660,2753,21136,-3,
2026-07-31 05:44:19,16,7416 11824 14980 16744 17604 18572 18684 19024 20328 21076 22892 24116 25012 27224 27724 28660,2750,21138,-3,
2026-07-31 05:44:34,16,7416 11824 14980 16744 17604 18572 18684 19024 20328 21076 22892 24116 25012 27224 27724 28660,2749,21138,-3,
2026-07-31 05:44:49,16,7416 11824 14980 16744 17604 18572 18684 19024 20328 21076 22892 24116 25012 27224 27724 28660,2753,21135,-3,
2026-07-31 05:45:04,16,7416 11824 14980 16744 17604 18572 18684 19024 20328 21076 22892 24116 25012 27224 27724 28660,2752,21137,-3,
2026-07-31 05:45:19,16,7416 11824 14980 16744 17604 18572 18684 19024 20328 21076 22892 24116 25012 27224 27724 28660,2750,21139,-3,
2026-07-31 05:45:34,16,7416 11824 14980 16744 17604 18572 18684 19024 20328 21076 22892 24116 25012 27224 27724 28660,2749,21120,-3,
2026-07-31 05:45:49,16,7416 11824 14980 16744 17604 18572 18684 19024 20328 21076 22892 24116 25012 27224 27724 28660,2752,21141,-3,
2026-07-31 05:46:04,16,7416 11824 14980 16744 17604 18572 18684 19024 20328 21076 22892 24116 25012 27224 27724 28660,2752,21143,-3,
2026-07-31 05:46:19,16,7416 11824 14980 16744 17604 18572 18684 19024 20328 21076 22892 24116 25012 27224 27724 28660,2751,21125,-3,
2026-07-31 05:46:34,16,7416 11824 14980 16744 17604 18572 18684 19024 20328 21076 22892 24116 25012 27224 27724 28660,2751,21126,-3,
2026-07-31 05:46:49,16,7416 11824 14980 16744 17604 18572 18684 19024 20328 21076 22892 24116 25012 27224 27724 28660,2753,21133,-3,
2026-07-31 05:47:04,16,7416 11824 14980 16744 17604 18572 18684 19024 20328 21076 22892 24116 25012 27224 27724 28660,2752,21131,-3,
2026-07-31 05:47:19,16,7416 11824 14980 16744 17604 18572 18684 19024 20328 21076 22892 24116 25012 27224 27724 28660,2750,21131,-3,
2026-07-31 05:47:34,16,7416 11824 14980 16744 17604 18572 18684 19024 20328 21076 22892 24116 25012 27224 27724 28660,2750,21132,-3,
2026-07-31 05:47:49,16,7416 11824 14980 16744 17604 18572 18684 19024 20328 21076 22892 24116 25012 27224 27724 28660,2752,21133,-3,
2026-07-31 05:48:04,16,7416 11824 14980 16744 17604 18572 18684 19024 20328 21076 22892 24116 25012 27224 27724 28660,2753,21137,-3,
2026-07-31 05:48:20,16,7416 11824 14980 16744 17604 18572 18684 19024 20328 21076 22892 24116 25012 27224 27724 28660,2750,21136,-3,
2026-07-31 05:48:35,16,7416 11824 14980 16744 17604 18572 18684 19024 20328 21076 22892 24116 25012 27224 27724 28660,2750,21138,-3,
2026-07-31 05:48:50,16,7416 11824 14980 16744 17604 18572 18684 19024 20328 21076 22892 24116 25012 27224 27724 28660,2750,21135,-3,
2026-07-31 05:49:05,16,7416 11824 14980 16744 17604 18572 18684 19024 20328 21076 22892 24116 25012 27224 27724 28660,2753,21131,-3,
2026-07-31 05:49:20,16,7416 11824 14980 16744 17604 18572 18684 19024 20328 21076 22892 24116 25012 27224 27724 28660,2750,21128,-3,
2026-07-31 05:49:35,16,7416 11824 14980 16744 17604 18572 18684 19024 20328 21076 22892 24116 25012 27224 27724 28660,2750,21186,-3,
2026-07-31 05:49:50,16,7416 11824 14980 16744 17604 18572 18684 19024 20328 21076 22892 24116 25012 27224 27724 28660,2749,21132,-3,
2026-07-31 05:50:05,16,7416 11824 14980 16744 17604 18572 18684 19024 20328 21076 22892 24116 25012 27224 27724 28660,2749,21130,-3,
2026-07-31 05:50:20,16,7416 11824 14980 16744 17604 18572 18684 19024 20328 21076 22892 24116 25012 27224 27724 28660,2750,21140,-3,
2026-07-31 05:50:35,16,7416 11824 14980 16744 17604 18572 18684 19024 20328 21076 22892 24116 25012 27224 27724 28660,2751,21124,-3,
2026-07-31 05:50:50,16,7416 11824 14980 16744 17604 18572 18684 19024 20328 21076 22892 24116 25012 27224 27724 28660,2751,21140,-3,
2026-07-31 05:51:05,16,7416 11824 14980 16744 17604 18572 18684 19024 20328 21076 22892 24116 25012 27224 27724 28660,2754,21135,-3,
2026-07-31 05:51:20,16,7416 11824 14980 16744 17604 18572 18684 19024 20328 21076 22892 24116 25012 27224 27724 28660,2751,21143,-3,
2026-07-31 05:51:35,16,7416 11824 14980 16744 17604 18572 18684 19024 20328 21076 22892 24116 25012 27224 27724 28660,2750,21140,-3,
2026-07-31 05:51:50,16,7416 11824 14980 16744 17604 18572 18684 19024 20328 21076 22892 24116 25012 27224 27724 28660,2750,21144,-3,
2026-07-31 05:52:05,16,7416 11824 14980 16744 17604 18572 18684 19024 20328 21076 22892 24116 25012 27224 27724 28660,2752,21139,-3,
2026-07-31 05:52:20,16,7416 11824 14980 16744 17604 18572 18684 19024 20328 21076 22892 24116 25012 27224 27724 28660,2750,21145,-3,
2026-07-31 05:52:36,16,7416 11824 14980 16744 17604 18572 18684 19024 20328 21076 22892 24116 25012 27224 27724 28660,2751,21138,-3,
2026-07-31 05:52:51,16,7416 11824 14980 16744 17604 18572 18684 19024 20328 21076 22892 24116 25012 27224 27724 28660,2751,21143,-3,
2026-07-31 05:53:06,16,7416 11824 14980 16744 17604 18572 18684 19024 20328 21076 22892 24116 25012 27224 27724 28660,2752,21138,-3,
2026-07-31 05:53:21,16,7416 11824 14980 16744 17604 18572 18684 19024 20328 21076 22892 24116 25012 27224 27724 28660,2750,21145,-3,
2026-07-31 05:53:36,16,7416 11824 14980 16744 17604 18572 18684 19024 20328 21076 22892 24116 25012 27224 27724 28660,2749,21142,-3,
2026-07-31 05:53:51,16,7416 11824 14980 16744 17604 18572 18684 19024 20328 21076 22892 24116 25012 27224 27724 28660,2751,21144,-3,
2026-07-31 05:54:06,16,7416 11824 14980 16744 17604 18572 18684 19024 20328 21076 22892 24116 25012 27224 27724 28660,2755,21138,-3,
2026-07-31 05:54:21,16,7416 11824 14980 16744 17604 18572 18684 19024 20328 21076 22892 24116 25012 27224 27724 28660,2750,21145,-3,
2026-07-31 05:54:36,16,7416 11824 14980 16744 17604 18572 18684 19024 20328 21076 22892 24116 25012 27224 27724 28660,2750,21145,-3,
2026-07-31 05:54:51,16,7416 11824 14980 16744 17604 18572 18684 19024 20328 21076 22892 24116 25012 27224 27724 28660,2751,21143,-3,
2026-07-31 05:55:06,16,7416 11824 14980 16744 17604 18572 18684 19024 20328 21076 22892 24116 25012 27224 27724 28660,2754,21139,-3,
2026-07-31 05:55:21,16,7416 11824 14980 16744 17604 18572 18684 19024 20328 21076 22892 24116 25012 27224 27724 28660,2751,21143,-3,
2026-07-31 05:55:36,16,7416 11824 14980 16744 17604 18572 18684 19024 20328 21076 22892 24116 25012 27224 27724 28660,2751,21140,-3,
2026-07-31 05:55:51,16,7416 11824 14980 16744 17604 18572 18684 19024 20328 21076 22892 24116 25012 27224 27724 28660,2753,21140,-3,
2026-07-31 05:56:06,16,7416 11824 14980 16744 17604 18572 18684 19024 20328 21076 22892 24116 25012 27224 27724 28660,2754,21141,-3,
2026-07-31 05:56:21,16,7416 11824 14980 16744 17604 18572 18684 19024 20328 21076 22892 24116 25012 27224 27724 28660,2751,21144,-3,
2026-07-31 05:56:36,16,7416 11824 14980 16744 17604 18572 18684 19024 20328 21076 22892 24116 25012 27224 27724 28660,2750,21141,-3,
2026-07-31 05:56:51,16,7416 11824 14980 16744 17604 18572 18684 19024 20328 21076 22892 24116 25012 27224 27724 28660,2751,21140,-3,
2026-07-31 05:57:07,16,7416 11824 14980 16744 17604 18572 18684 19024 20328 21076 22892 24116 25012 27224 27724 28660,2756,21135,-3,
2026-07-31 05:57:22,16,7416 11824 14980 16744 17604 18572 18684 19024 20328 21076 22892 24116 25012 27224 27724 28660,2755,21134,-3,
2026-07-31 05:57:37,16,7416 11824 14980 16744 17604 18572 18684 19024 20328 21076 22892 24116 25012 27224 27724 28660,2750,21138,-3,
2026-07-31 05:57:52,16,7416 11824 14980 16744 17604 18572 18684 19024 20328 21076 22892 24116 25012 27224 27724 28660,2751,21137,-3,
2026-07-31 05:58:07,16,7416 11824 14980 16744 17604 18572 18684 19024 20328 21076 22892 24116 25012 27224 27724 28660,2757,21121,-3,
2026-07-31 05:58:22,16,7416 11824 14980 16744 17604 18572 18684 19024 20328 21076 22892 24116 25012 27224 27724 28660,2755,21124,-3,
2026-07-31 05:58:37,16,7416 11824 14980 16744 17604 18572 18684 19024 20328 21076 22892 24116 25012 27224 27724 28660,2752,21139,-3,
2026-07-31 05:58:52,16,7416 11824 14980 16744 17604 18572 18684 19024 20328 21076 22892 24116 25012 27224 27724 28660,2751,21140,-3,
2026-07-31 05:59:07,16,7416 11824 14980 16744 17604 18572 18684 19024 20328 21076 22892 24116 25012 27224 27724 28660,2757,21132,-3,
2026-07-31 05:59:22,16,7416 11824 14980 16744 17604 18572 18684 19024 20328 21076 22892 24116 25012 27224 27724 28660,2756,21138,-3,
2026-07-31 05:59:37,16,7416 11824 14980 16744 17604 18572 18684 19024 20328 21076 22892 24116 25012 27224 27724 28660,2755,21139,-3,
2026-07-31 05:59:52,16,7416 11824 14980 16744 17604 18572 18684 19024 20328 21076 22892 24116 25012 27224 27724 28660,2754,21140,-3,
2026-07-31 06:00:07,16,7416 11824 14980 16744 17604 18572 18684 19024 20328 21076 22892 24116 25012 27224 27724 28660,2756,21138,-3,
2026-07-31 06:00:22,16,7416 11824 14980 16744 17604 18572 18684 19024 20328 21076 22892 24116 25012 27224 27724 28660,2756,21140,-3,
2026-07-31 06:00:37,16,7416 11824 14980 16744 17604 18572 18684 19024 20328 21076 22892 24116 25012 27224 27724 28660,2754,21140,-3,
2026-07-31 06:00:52,16,7416 11824 14980 16744 17604 18572 18684 19024 20328 21076 22892 24116 25012 27224 27724 28660,2754,21130,-3,
2026-07-31 06:01:07,16,7416 11824 14980 16744 17604 18572 18684 19024 20328 21076 22892 24116 25012 27224 27724 28660,2754,21130,-3,
2026-07-31 06:01:23,16,7416 11824 14980 16744 17604 18572 18684 19024 20328 21076 22892 24116 25012 27224 27724 28660,2753,21184,-3,
2026-07-31 06:01:38,16,7416 11824 14980 16744 17604 18572 18684 19024 20328 21076 22892 24116 25012 27224 27724 28660,2751,21131,-3,
2026-07-31 06:01:53,16,7416 11824 14980 16744 17604 18572 18684 19024 20328 21076 22892 24116 25012 27224 27724 28660,2752,21127,-3,
2026-07-31 06:02:08,16,7416 11824 14980 16744 17604 18572 18684 19024 20328 21076 22892 24116 25012 27224 27724 28660,2755,21130,-3,
2026-07-31 06:02:23,16,7416 11824 14980 16744 17604 18572 18684 19024 20328 21076 22892 24116 25012 27224 27724 28660,2755,21132,-3,
2026-07-31 06:02:38,16,7416 11824 14980 16744 17604 18572 18684 19024 20328 21076 22892 24116 25012 27224 27724 28660,2752,21134,-3,
2026-07-31 06:02:53,16,7416 11824 14980 16744 17604 18572 18684 19024 20328 21076 22892 24116 25012 27224 27724 28660,2750,21140,-3,
2026-07-31 06:03:08,16,7416 11824 14980 16744 17604 18572 18684 19024 20328 21076 22892 24116 25012 27224 27724 28660,2755,21136,-3,
2026-07-31 06:03:23,16,7416 11824 14980 16744 17604 18572 18684 19024 20328 21076 22892 24116 25012 27224 27724 28660,2754,21138,-3,
2026-07-31 06:03:38,16,7416 11824 14980 16744 17604 18572 18684 19024 20328 21076 22892 24116 25012 27224 27724 28660,2752,21141,-3,
2026-07-31 06:03:53,16,7416 11824 14980 16744 17604 18572 18684 19024 20328 21076 22892 24116 25012 27224 27724 28660,2752,21141,-3,
2026-07-31 06:04:08,16,7416 11824 14980 16744 17604 18572 18684 19024 20328 21076 22892 24116 25012 27224 27724 28660,2757,21136,-3,
2026-07-31 06:04:23,16,7416 11824 14980 16744 17604 18572 18684 19024 20328 21076 22892 24116 25012 27224 27724 28660,2756,21139,-3,
2026-07-31 06:04:38,16,7416 11824 14980 16744 17604 18572 18684 19024 20328 21076 22892 24116 25012 27224 27724 28660,2753,21141,-3,
2026-07-31 06:04:53,16,7416 11824 14980 16744 17604 18572 18684 19024 20328 21076 22892 24116 25012 27224 27724 28660,2751,21143,-3,
2026-07-31 06:05:08,16,7416 11824 14980 16744 17604 18572 18684 19024 20328 21076 22892 24116 25012 27224 27724 28660,2756,21139,-3,
2026-07-31 06:05:23,16,7416 11824 14980 16744 17604 18572 18684 19024 20328 21076 22892 24116 25012 27224 27724 28660,2757,21138,-3,
2026-07-31 06:05:39,16,7416 11824 14980 16744 17604 18572 18684 19024 20328 21076 22892 24116 25012 27224 27724 28660,2756,21138,-3,
2026-07-31 06:05:54,16,7416 11824 14980 16744 17604 18572 18684 19024 20328 21076 22892 24116 25012 27224 27724 28660,2755,21139,-3,
2026-07-31 06:06:09,16,7416 11824 14980 16744 17604 18572 18684 19024 20328 21076 22892 24116 25012 27224 27724 28660,2756,21138,-3,
2026-07-31 06:06:24,16,7416 11824 14980 16744 17604 18572 18684 19024 20328 21076 22892 24116 25012 27224 27724 28660,2756,21139,-3,
2026-07-31 06:06:39,16,7416 11824 14980 16744 17604 18572 18684 19024 20328 21076 22892 24116 25012 27224 27724 28660,2755,21138,-3,
2026-07-31 06:06:54,16,7416 11824 14980 16744 17604 18572 18684 19024 20328 21076 22892 24116 25012 27224 27724 28660,2753,21124,-3,
2026-07-31 06:07:09,16,7416 11824 14980 16744 17604 18572 18684 19024 20328 21076 22892 24116 25012 27224 27724 28660,2756,21121,-3,
2026-07-31 06:07:24,16,7416 11824 14980 16744 17604 18572 18684 19024 20328 21076 22892 24116 25012 27224 27724 28660,2756,21177,-3,
2026-07-31 06:07:39,16,7416 11824 14980 16744 17604 18572 18684 19024 20328 21076 22892 24116 25012 27224 27724 28660,2756,21119,-3,
2026-07-31 06:07:54,16,7416 11824 14980 16744 17604 18572 18684 19024 20328 21076 22892 24116 25012 27224 27724 28660,2757,21006,-3,
2026-07-31 06:08:09,16,7416 11824 14980 16744 17604 18572 18684 19024 20328 21076 22892 24116 25012 27224 27724 28660,2758,20990,-3,
2026-07-31 06:08:24,16,7416 11824 14980 16744 17604 18572 18684 19024 20328 21076 22892 24116 25012 27224 27724 28660,2758,21020,-3,
2026-07-31 06:08:39,16,7416 11824 14980 16744 17604 18572 18684 19024 20328 21076 22892 24116 25012 27224 27724 28660,2758,21025,-3,
2026-07-31 06:08:54,16,7416 11824 14980 16744 17604 18572 18684 19024 20328 21076 22892 24116 25012 27224 27724 28660,2752,21029,-3,
2026-07-31 06:09:09,16,7416 11824 14980 16744 17604 18572 18684 19024 20328 21076 22892 24116 25012 27224 27724 28660,2756,21025,-3,
2026-07-31 06:09:24,16,7416 11824 14980 16744 17604 18572 18684 19024 20328 21076 22892 24116 25012 27224 27724 28660,2756,21094,-3,
2026-07-31 06:09:39,16,7416 11824 14980 16744 17604 18572 18684 19024 20328 21076 22892 24116 25012 27224 27724 28660,2757,21035,-3,
2026-07-31 06:09:55,16,7416 11824 14980 16744 17604 18572 18684 19024 20328 21076 22892 24116 25012 27224 27724 28660,2758,21034,-3,
2026-07-31 06:10:10,16,7416 11824 14980 16744 17604 18572 18684 19024 20328 21076 22892 24116 25012 27224 27724 28660,2757,21050,-3,
2026-07-31 06:10:25,16,7416 11824 14980 16744 17604 18572 18684 19024 20328 21076 22892 24116 25012 27224 27724 28660,2752,21058,-3,
2026-07-31 06:10:40,16,7416 11824 14980 16744 17604 18572 18684 19024 20328 21076 22892 24116 25012 27224 27724 28660,2755,21063,-3,
2026-07-31 06:10:55,16,7416 11824 14980 16744 17604 18572 18684 19024 20328 21076 22892 24116 25012 27224 27724 28660,2755,21059,-3,
2026-07-31 06:11:10,16,7416 11824 14980 16744 17604 18572 18684 19024 20328 21076 22892 24116 25012 27224 27724 28660,2756,21067,-3,
2026-07-31 06:11:25,16,7416 11824 14980 16744 17604 18572 18684 19024 20328 21076 22892 24116 25012 27224 27724 28660,2756,21069,-3,
2026-07-31 06:11:40,16,7416 11824 14980 16744 17604 18572 18684 19024 20328 21076 22892 24116 25012 27224 27724 28660,2757,21069,-3,
2026-07-31 06:11:55,16,7416 11824 14980 16744 17604 18572 18684 19024 20328 21076 22892 24116 25012 27224 27724 28660,2757,21069,-3,
2026-07-31 06:12:10,16,7416 11824 14980 16744 17604 18572 18684 19024 20328 21076 22892 24116 25012 27224 27724 28660,2757,21069,-3,
2026-07-31 06:12:25,16,7416 11824 14980 16744 17604 18572 18684 19024 20328 21076 22892 24116 25012 27224 27724 28660,2756,21069,-3,
2026-07-31 06:12:40,16,7416 11824 14980 16744 17604 18572 18684 19024 20328 21076 22892 24116 25012 27224 27724 28660,2757,21066,-3,
2026-07-31 06:12:55,16,7416 11824 14980 16744 17604 18572 18684 19024 20328 21076 22892 24116 25012 27224 27724 28660,2757,21069,-3,
2026-07-31 06:13:10,16,7416 11824 14980 16744 17604 18572 18684 19024 20328 21076 22892 24116 25012 27224 27724 28660,2756,21069,-3,
2026-07-31 06:13:25,16,7416 11824 14980 16744 17604 18572 18684 19024 20328 21076 22892 24116 25012 27224 27724 28660,2757,21090,-3,
2026-07-31 06:13:40,16,7416 11824 14980 16744 17604 18572 18684 19024 20328 21076 22892 24116 25012 27224 27724 28660,2757,21095,-3,
2026-07-31 06:13:55,16,7416 11824 14980 16744 17604 18572 18684 19024 20328 21076 22892 24116 25012 27224 27724 28660,2757,21097,-3,
2026-07-31 06:14:11,16,7416 11824 14980 16744 17604 18572 18684 19024 20328 21076 22892 24116 25012 27224 27724 28660,2758,21092,-3,
2026-07-31 06:14:26,16,7416 11824 14980 16744 17604 18572 18684 19024 20328 21076 22892 24116 25012 27224 27724 28660,2759,21091,-3,
2026-07-31 06:14:41,16,7416 11824 14980 16744 17604 18572 18684 19024 20328 21076 22892 24116 25012 27224 27724 28660,2759,21091,-3,
2026-07-31 06:14:56,16,7416 11824 14980 16744 17604 18572 18684 19024 20328 21076 22892 24116 25012 27224 27724 28660,2755,21095,-3,
2026-07-31 06:15:11,16,7416 11824 14980 16744 17604 18572 18684 19024 20328 21076 22892 24116 25012 27224 27724 28660,2758,21093,-3,
2026-07-31 06:15:26,16,7416 11824 14980 16744 17604 18572 18684 19024 20328 21076 22892 24116 25012 27224 27724 28660,2756,21095,-3,
2026-07-31 06:15:41,16,7416 11824 14980 16744 17604 18572 18684 19024 20328 21076 22892 24116 25012 27224 27724 28660,2759,21094,-3,
2026-07-31 06:15:56,16,7416 11824 14980 16744 17604 18572 18684 19024 20328 21076 22892 24116 25012 27224 27724 28660,2754,21097,-3,
2026-07-31 06:16:11,16,7416 11824 14980 16744 17604 18572 18684 19024 20328 21076 22892 24116 25012 27224 27724 28660,2757,21095,-3,
2026-07-31 06:16:26,16,7416 11824 14980 16744 17604 18572 18684 19024 20328 21076 22892 24116 25012 27224 27724 28660,2757,21096,-3,
2026-07-31 06:16:41,16,7416 11824 14980 16744 17604 18572 18684 19024 20328 21076 22892 24116 25012 27224 27724 28660,2759,21089,-3,
2026-07-31 06:16:56,16,7416 11824 14980 16744 17604 18572 18684 19024 20328 21076 22892 24116 25012 27224 27724 28660,2758,21089,-3,
2026-07-31 06:17:11,16,7416 11824 14980 16744 17604 18572 18684 19024 20328 21076 22892 24116 25012 27224 27724 28660,2759,21084,-3,
2026-07-31 06:17:26,16,7416 11824 14980 16744 17604 18572 18684 19024 20328 21076 22892 24116 25012 27224 27724 28660,2759,21084,-3,
2026-07-31 06:17:41,16,7416 11824 14980 16744 17604 18572 18684 19024 20328 21076 22892 24116 25012 27224 27724 28660,2756,21075,-3,
2026-07-31 06:17:57,16,7416 11824 14980 16744 17604 18572 18684 19024 20328 21076 22892 24116 25012 27224 27724 28660,2754,21082,-3,
2026-07-31 06:18:12,16,7416 11824 14980 16744 17604 18572 18684 19024 20328 21076 22892 24116 25012 27224 27724 28660,2758,21081,-3,
2026-07-31 06:18:27,16,7416 11824 14980 16744 17604 18572 18684 19024 20328 21076 22892 24116 25012 27224 27724 28660,2758,21108,-3,
2026-07-31 06:18:42,16,7416 11824 14980 16744 17604 18572 18684 19024 20328 21076 22892 24116 25012 27224 27724 28660,2756,21110,-3,
2026-07-31 06:18:57,16,7416 11824 14980 16744 17604 18572 18684 19024 20328 21076 22892 24116 25012 27224 27724 28660,2755,21112,-3,
2026-07-31 06:19:12,16,7416 11824 14980 16744 17604 18572 18684 19024 20328 21076 22892 24116 25012 27224 27724 28660,2759,21108,-3,
2026-07-31 06:19:27,16,7416 11824 14980 16744 17604 18572 18684 19024 20328 21076 22892 24116 25012 27224 27724 28660,2757,21111,-3,
2026-07-31 06:19:42,16,7416 11824 14980 16744 17604 18572 18684 19024 20328 21076 22892 24116 25012 27224 27724 28660,2756,21112,-3,
2026-07-31 06:19:57,16,7416 11824 14980 16744 17604 18572 18684 19024 20328 21076 22892 24116 25012 27224 27724 28660,2754,21115,-3,
2026-07-31 06:20:12,16,7416 11824 14980 16744 17604 18572 18684 19024 20328 21076 22892 24116 25012 27224 27724 28660,2758,21112,-3,
2026-07-31 06:20:27,16,7416 11824 14980 16744 17604 18572 18684 19024 20328 21076 22892 24116 25012 27224 27724 28660,2758,21113,-3,
2026-07-31 06:20:42,16,7416 11824 14980 16744 17604 18572 18684 19024 20328 21076 22892 24116 25012 27224 27724 28660,2755,21128,-3,
2026-07-31 06:20:57,16,7416 11824 14980 16744 17604 18572 18684 19024 20328 21076 22892 24116 25012 27224 27724 28660,2755,21106,-3,
2026-07-31 06:21:12,16,7416 11824 14980 16744 17604 18572 18684 19024 20328 21076 22892 24116 25012 27224 27724 28660,2757,21105,-3,
2026-07-31 06:21:27,16,7416 11824 14980 16744 17604 18572 18684 19024 20328 21076 22892 24116 25012 27224 27724 28660,2757,21101,-3,
2026-07-31 06:21:42,16,7416 11824 14980 16744 17604 18572 18684 19024 20328 21076 22892 24116 25012 27224 27724 28660,2757,21108,-3,
2026-07-31 06:21:57,16,7416 11824 14980 16744 17604 18572 18684 19024 20328 21076 22892 24116 25012 27224 27724 28660,2755,21121,-3,
2026-07-31 06:22:13,16,7416 11824 14980 16744 17604 18572 18684 19024 20328 21076 22892 24116 25012 27224 27724 28660,2757,21122,-3,
2026-07-31 06:22:28,16,7416 11824 14980 16744 17604 18572 18684 19024 20328 21076 22892 24116 25012 27224 27724 28660,2758,21121,-3,
2026-07-31 06:22:43,16,7416 11824 14980 16744 17604 18572 18684 19024 20328 21076 22892 24116 25012 27224 27724 28660,2756,21107,-3,
2026-07-31 06:22:58,16,7416 11824 14980 16744 17604 18572 18684 19024 20328 21076 22892 24116 25012 27224 27724 28660,2755,21110,-3,
2026-07-31 06:23:13,16,7416 11824 14980 16744 17604 18572 18684 19024 20328 21076 22892 24116 25012 27224 27724 28660,2760,21119,-3,
2026-07-31 06:23:28,16,7416 11824 14980 16744 17604 18572 18684 19024 20328 21076 22892 24116 25012 27224 27724 28660,2760,21121,-3,
2026-07-31 06:23:43,16,7416 11824 14980 16744 17604 18572 18684 19024 20328 21076 22892 24116 25012 27224 27724 28660,2758,21109,-3,
2026-07-31 06:23:58,16,7416 11824 14980 16744 17604 18572 18684 19024 20328 21076 22892 24116 25012 27224 27724 28660,2758,21110,-3,
2026-07-31 06:24:13,16,7416 11824 14980 16744 17604 18572 18684 19024 20328 21076 22892 24116 25012 27224 27724 28660,2758,21110,-3,
2026-07-31 06:24:28,16,7416 11824 14980 16744 17604 18572 18684 19024 20328 21076 22892 24116 25012 27224 27724 28660,2758,21111,-3,
2026-07-31 06:24:43,16,7416 11824 14980 16744 17604 18572 18684 19024 20328 21076 22892 24116 25012 27224 27724 28660,2757,21127,-3,
2026-07-31 06:24:58,16,7416 11824 14980 16744 17604 18572 18684 19024 20328 21076 22892 24116 25012 27224 27724 28660,2755,21129,-3,
2026-07-31 06:25:13,16,7416 11824 14980 16744 17604 18572 18684 19024 20328 21076 22892 24116 25012 27224 27724 28660,2758,21126,-3,
2026-07-31 06:25:28,16,7416 11824 14980 16744 17604 18572 18684 19024 20328 21076 22892 24116 25012 27224 27724 28660,2759,21128,-3,
2026-07-31 06:25:43,16,7416 11824 14980 16744 17604 18572 18684 19024 20328 21076 22892 24116 25012 27224 27724 28660,2756,21128,-3,
2026-07-31 06:25:58,16,7416 11824 14980 16744 17604 18572 18684 19024 20328 21076 22892 24116 25012 27224 27724 28660,2756,21130,-3,
2026-07-31 06:26:14,16,7416 11824 14980 16744 17604 18572 18684 19024 20328 21076 22892 24116 25012 27224 27724 28660,2757,21126,-3,
2026-07-31 06:26:29,16,7416 11824 14980 16744 17604 18572 18684 19024 20328 21076 22892 24116 25012 27224 27724 28660,2754,21129,-3,
2026-07-31 06:26:44,16,7416 11824 14980 16744 17604 18572 18684 19024 20328 21076 22892 24116 25012 27224 27724 28660,2756,21124,-3,
2026-07-31 06:26:59,16,7416 11824 14980 16744 17604 18572 18684 19024 20328 21076 22892 24116 25012 27224 27724 28660,2756,21126,-3,
2026-07-31 06:27:14,16,7416 11824 14980 16744 17604 18572 18684 19024 20328 21076 22892 24116 25012 27224 27724 28660,2759,21122,-3,
2026-07-31 06:27:29,16,7416 11824 14980 16744 17604 18572 18684 19024 20328 21076 22892 24116 25012 27224 27724 28660,2754,21124,-3,
2026-07-31 06:27:44,16,7416 11824 14980 16744 17604 18572 18684 19024 20328 21076 22892 24116 25012 27224 27724 28660,2757,21118,-3,
2026-07-31 06:27:59,16,7416 11824 14980 16744 17604 18572 18684 19024 20328 21076 22892 24116 25012 27224 27724 28660,2756,21121,-3,
2026-07-31 06:28:14,16,7416 11824 14980 16744 17604 18572 18684 19024 20328 21076 22892 24116 25012 27224 27724 28660,2758,21102,-3,
2026-07-31 06:28:29,16,7416 11824 14980 16744 17604 18572 18684 19024 20328 21076 22892 24116 25012 27224 27724 28660,2754,21115,-3,
2026-07-31 06:28:44,16,7416 11824 14980 16744 17604 18572 18684 19024 20328 21076 22892 24116 25012 27224 27724 28660,2758,21164,-3,
2026-07-31 06:28:59,16,7416 11824 14980 16744 17604 18572 18684 19024 20328 21076 22892 24116 25012 27224 27724 28660,2756,21108,-3,
2026-07-31 06:29:14,16,7416 11824 14980 16744 17604 18572 18684 19024 20328 21076 22892 24116 25012 27224 27724 28660,2758,21111,-3,
2026-07-31 06:29:29,16,7416 11824 14980 16744 17604 18572 18684 19024 20328 21076 22892 24116 25012 27224 27724 28660,2755,21124,-3,
2026-07-31 06:29:44,16,7416 11824 14980 16744 17604 18572 18684 19024 20328 21076 22892 24116 25012 27224 27724 28660,2757,21124,-3,
2026-07-31 06:29:59,16,7416 11824 14980 16744 17604 18572 18684 19024 20328 21076 22892 24116 25012 27224 27724 28660,2757,21124,-3,
2026-07-31 06:30:14,16,7416 11824 14980 16744 17604 18572 18684 19024 20328 21076 22892 24116 25012 27224 27724 28660,2759,21122,-3,
2026-07-31 06:30:30,16,7416 11824 14980 16744 17604 18572 18684 19024 20328 21076 22892 24116 25012 27224 27724 28660,2758,21126,-3,
2026-07-31 06:30:45,16,7416 11824 14980 16744 17604 18572 18684 19024 20328 21076 22892 24116 25012 27224 27724 28660,2757,21126,-3,
2026-07-31 06:31:00,16,7416 11824 14980 16744 17604 18572 18684 19024 20328 21076 22892 24116 25012 27224 27724 28660,2756,21127,-3,
2026-07-31 06:31:15,16,7416 11824 14980 16744 17604 18572 18684 19024 20328 21076 22892 24116 25012 27224 27724 28660,2759,21125,-3,
2026-07-31 06:31:30,16,7416 11824 14980 16744 17604 18572 18684 19024 20328 21076 22892 24116 25012 27224 27724 28660,2759,21127,-3,
2026-07-31 06:31:45,16,7416 11824 14980 16744 17604 18572 18684 19024 20328 21076 22892 24116 25012 27224 27724 28660,2756,21127,-3,
2026-07-31 06:32:00,16,7416 11824 14980 16744 17604 18572 18684 19024 20328 21076 22892 24116 25012 27224 27724 28660,2756,21121,-3,
2026-07-31 06:32:15,16,7416 11824 14980 16744 17604 18572 18684 19024 20328 21076 22892 24116 25012 27224 27724 28660,2761,21099,-3,
2026-07-31 06:32:30,16,7416 11824 14980 16744 17604 18572 18684 19024 20328 21076 22892 24116 25012 27224 27724 28660,2758,21121,-3,
2026-07-31 06:32:45,16,7416 11824 14980 16744 17604 18572 18684 19024 20328 21076 22892 24116 25012 27224 27724 28660,2756,21135,-3,
2026-07-31 06:33:00,16,7416 11824 14980 16744 17604 18572 18684 19024 20328 21076 22892 24116 25012 27224 27724 28660,2756,21132,-3,
2026-07-31 06:33:15,16,7416 11824 14980 16744 17604 18572 18684 19024 20328 21076 22892 24116 25012 27224 27724 28660,2757,21131,-3,
2026-07-31 06:33:30,16,7416 11824 14980 16744 17604 18572 18684 19024 20328 21076 22892 24116 25012 27224 27724 28660,2759,21128,-3,
2026-07-31 06:33:45,16,7416 11824 14980 16744 17604 18572 18684 19024 20328 21076 22892 24116 25012 27224 27724 28660,2757,21111,-3,
2026-07-31 06:34:00,16,7416 11824 14980 16744 17604 18572 18684 19024 20328 21076 22892 24116 25012 27224 27724 28660,2757,21105,-3,
2026-07-31 06:34:15,16,7416 11824 14980 16744 17604 18572 18684 19024 20328 21076 22892 24116 25012 27224 27724 28660,2761,21108,-3,
2026-07-31 06:34:31,16,7416 11824 14980 16744 17604 18572 18684 19024 20328 21076 22892 24116 25012 27224 27724 28660,2758,21119,-3,
2026-07-31 06:34:46,16,7416 11824 14980 16744 17604 18572 18684 19024 20328 21076 22892 24116 25012 27224 27724 28660,2757,21120,-3,
2026-07-31 06:35:01,16,7416 11824 14980 16744 17604 18572 18684 19024 20328 21076 22892 24116 25012 27224 27724 28660,2756,21123,-3,
2026-07-31 06:35:16,16,7416 11824 14980 16744 17604 18572 18684 19024 20328 21076 22892 24116 25012 27224 27724 28660,2759,21118,-3,
2026-07-31 06:35:31,16,7416 11824 14980 16744 17604 18572 18684 19024 20328 21076 22892 24116 25012 27224 27724 28660,2759,21118,-3,
2026-07-31 06:35:46,16,7416 11824 14980 16744 17604 18572 18684 19024 20328 21076 22892 24116 25012 27224 27724 28660,2757,21120,-3,
2026-07-31 06:36:01,16,7416 11824 14980 16744 17604 18572 18684 19024 20328 21076 22892 24116 25012 27224 27724 28660,2758,21122,-3,
2026-07-31 06:36:16,16,7416 11824 14980 16744 17604 18572 18684 19024 20328 21076 22892 24116 25012 27224 27724 28660,2759,21122,-3,
2026-07-31 06:36:31,16,7416 11824 14980 16744 17604 18572 18684 19024 20328 21076 22892 24116 25012 27224 27724 28660,2755,21126,-3,
2026-07-31 06:36:46,16,7416 11824 14980 16744 17604 18572 18684 19024 20328 21076 22892 24116 25012 27224 27724 28660,2758,21123,-3,
2026-07-31 06:37:01,16,7416 11824 14980 16744 17604 18572 18684 19024 20328 21076 22892 24116 25012 27224 27724 28660,2754,21125,-3,
2026-07-31 06:37:16,16,7416 11824 14980 16744 17604 18572 18684 19024 20328 21076 22892 24116 25012 27224 27724 28660,2758,21123,-3,
2026-07-31 06:37:31,16,7416 11824 14980 16744 17604 18572 18684 19024 20328 21076 22892 24116 25012 27224 27724 28660,2754,21126,-3,
2026-07-31 06:37:46,16,7416 11824 14980 16744 17604 18572 18684 19024 20328 21076 22892 24116 25012 27224 27724 28660,2756,21126,-3,
2026-07-31 06:38:01,16,7416 11824 14980 16744 17604 18572 18684 19024 20328 21076 22892 24116 25012 27224 27724 28660,2754,21128,-3,
2026-07-31 06:38:16,16,7416 11824 14980 16744 17604 18572 18684 19024 20328 21076 22892 24116 25012 27224 27724 28660,2758,21125,-3,
2026-07-31 06:38:31,16,7416 11824 14980 16744 17604 18572 18684 19024 20328 21076 22892 24116 25012 27224 27724 28660,2753,21127,-3,
2026-07-31 06:38:46,16,7416 11824 14980 16744 17604 18572 18684 19024 20328 21076 22892 24116 25012 27224 27724 28660,2756,21126,-3,
2026-07-31 06:39:02,16,7416 11824 14980 16744 17604 18572 18684 19024 20328 21076 22892 24116 25012 27224 27724 28660,2756,21125,-3,
2026-07-31 06:39:17,16,7416 11824 14980 16744 17604 18572 18684 19024 20328 21076 22892 24116 25012 27224 27724 28660,2759,21127,-3,
2026-07-31 06:39:32,16,7416 11824 14980 16744 17604 18572 18684 19024 20328 21076 22892 24116 25012 27224 27724 28660,2757,21126,-3,
2026-07-31 06:39:47,16,7416 11824 14980 16744 17604 18572 18684 19024 20328 21076 22892 24116 25012 27224 27724 28660,2755,21133,-3,
2026-07-31 06:40:02,16,7416 11824 14980 16744 17604 18572 18684 19024 20328 21076 22892 24116 25012 27224 27724 28660,2755,21135,-3,
2026-07-31 06:40:17,16,7416 11824 14980 16744 17604 18572 18684 19024 20328 21076 22892 24116 25012 27224 27724 28660,2760,21130,-3,
2026-07-31 06:40:32,16,7416 11824 14980 16744 17604 18572 18684 19024 20328 21076 22892 24116 25012 27224 27724 28660,2758,21127,-3,
2026-07-31 06:40:47,16,7416 11824 14980 16744 17604 18572 18684 19024 20328 21076 22892 24116 25012 27224 27724 28660,2756,21134,-3,
2026-07-31 06:41:02,16,7416 11824 14980 16744 17604 18572 18684 19024 20328 21076 22892 24116 25012 27224 27724 28660,2757,21128,-3,
2026-07-31 06:41:17,16,7416 11824 14980 16744 17604 18572 18684 19024 20328 21076 22892 24116 25012 27224 27724 28660,2758,21132,-3,
2026-07-31 06:41:32,16,7416 11824 14980 16744 17604 18572 18684 19024 20328 21076 22892 24116 25012 27224 27724 28660,2757,21129,-3,
2026-07-31 06:41:47,16,7416 11824 14980 16744 17604 18572 18684 19024 20328 21076 22892 24116 25012 27224 27724 28660,2756,21134,-3,
2026-07-31 06:42:02,16,7416 11824 14980 16744 17604 18572 18684 19024 20328 21076 22892 24116 25012 27224 27724 28660,2756,21135,-3,
2026-07-31 06:42:17,16,7416 11824 14980 16744 17604 18572 18684 19024 20328 21076 22892 24116 25012 27224 27724 28660,2760,21129,-3,
2026-07-31 06:42:32,16,7416 11824 14980 16744 17604 18572 18684 19024 20328 21076 22892 24116 25012 27224 27724 28660,2759,21128,-3,
2026-07-31 06:42:47,16,7416 11824 14980 16744 17604 18572 18684 19024 20328 21076 22892 24116 25012 27224 27724 28660,2758,21127,-3,
2026-07-31 06:43:02,16,7416 11824 14980 16744 17604 18572 18684 19024 20328 21076 22892 24116 25012 27224 27724 28660,2757,21131,-3,
2026-07-31 06:43:18,16,7416 11824 14980 16744 17604 18572 18684 19024 20328 21076 22892 24116 25012 27224 27724 28660,2762,21128,-3,
2026-07-31 06:43:33,16,7416 11824 14980 16744 17604 18572 18684 19024 20328 21076 22892 24116 25012 27224 27724 28660,2761,21126,-3,
2026-07-31 06:43:48,16,7416 11824 14980 16744 17604 18572 18684 19024 20328 21076 22892 24116 25012 27224 27724 28660,2757,21130,-3,
2026-07-31 06:44:03,16,7416 11824 14980 16744 17604 18572 18684 19024 20328 21076 22892 24116 25012 27224 27724 28660,2759,21127,-3,
2026-07-31 06:44:18,16,7416 11824 14980 16744 17604 18572 18684 19024 20328 21076 22892 24116 25012 27224 27724 28660,2762,21124,-3,
2026-07-31 06:44:33,16,7416 11824 14980 16744 17604 18572 18684 19024 20328 21076 22892 24116 25012 27224 27724 28660,2761,21100,-3,
2026-07-31 06:44:48,16,7416 11824 14980 16744 17604 18572 18684 19024 20328 21076 22892 24116 25012 27224 27724 28660,2760,21102,-3,
2026-07-31 06:45:03,16,7416 11824 14980 16744 17604 18572 18684 19024 20328 21076 22892 24116 25012 27224 27724 28660,2758,21122,-3,
2026-07-31 06:45:18,16,7416 11824 14980 16744 17604 18572 18684 19024 20328 21076 22892 24116 25012 27224 27724 28660,2763,21116,-3,
2026-07-31 06:45:33,16,7416 11824 14980 16744 17604 18572 18684 19024 20328 21076 22892 24116 25012 27224 27724 28660,2761,21096,-3,
2026-07-31 06:45:48,16,7416 11824 14980 16744 17604 18572 18684 19024 20328 21076 22892 24116 25012 27224 27724 28660,2760,21119,-3,
2026-07-31 06:46:03,16,7416 11824 14980 16744 17604 18572 18684 19024 20328 21076 22892 24116 25012 27224 27724 28660,2760,21118,-3,
2026-07-31 06:46:18,16,7416 11824 14980 16744 17604 18572 18684 19024 20328 21076 22892 24116 25012 27224 27724 28660,2759,21117,-3,
2026-07-31 06:46:33,16,7416 11824 14980 16744 17604 18572 18684 19024 20328 21076 22892 24116 25012 27224 27724 28660,2760,21122,-3,
2026-07-31 06:46:48,16,7416 11824 14980 16744 17604 18572 18684 19024 20328 21076 22892 24116 25012 27224 27724 28660,2759,21121,-3,
2026-07-31 06:47:03,16,7416 11824 14980 16744 17604 18572 18684 19024 20328 21076 22892 24116 25012 27224 27724 28660,2759,21114,-3,
2026-07-31 06:47:18,16,7416 11824 14980 16744 17604 18572 18684 19024 20328 21076 22892 24116 25012 27224 27724 28660,2760,21114,-3,
2026-07-31 06:47:33,16,7416 11824 14980 16744 17604 18572 18684 19024 20328 21076 22892 24116 25012 27224 27724 28660,2760,21116,-3,
2026-07-31 06:47:49,16,7416 11824 14980 16744 17604 18572 18684 19024 20328 21076 22892 24116 25012 27224 27724 28660,2758,21119,-3,
2026-07-31 06:48:04,16,7416 11824 14980 16744 17604 18572 18684 19024 20328 21076 22892 24116 25012 27224 27724 28660,2758,21126,-3,
2026-07-31 06:48:19,16,7416 11824 14980 16744 17604 18572 18684 19024 20328 21076 22892 24116 25012 27224 27724 28660,2761,21110,-3,
2026-07-31 06:48:34,16,7416 11824 14980 16744 17604 18572 18684 19024 20328 21076 22892 24116 25012 27224 27724 28660,2762,21115,-3,
2026-07-31 06:48:49,16,7416 11824 14980 16744 17604 18572 18684 19024 20328 21076 22892 24116 25012 27224 27724 28660,2757,21171,-3,
2026-07-31 06:49:04,16,7416 11824 14980 16744 17604 18572 18684 19024 20328 21076 22892 24116 25012 27224 27724 28660,2759,21113,-3,
2026-07-31 06:49:19,16,7416 11824 14980 16744 17604 18572 18684 19024 20328 21076 22892 24116 25012 27224 27724 28660,2759,21113,-3,
2026-07-31 06:49:34,16,7416 11824 14980 16744 17604 18572 18684 19024 20328 21076 22892 24116 25012 27224 27724 28660,2762,21123,-3,
2026-07-31 06:49:49,16,7416 11824 14980 16744 17604 18572 18684 19024 20328 21076 22892 24116 25012 27224 27724 28660,2757,21126,-3,
2026-07-31 06:50:04,16,7416 11824 14980 16744 17604 18572 18684 19024 20328 21076 22892 24116 25012 27224 27724 28660,2758,21128,-3,
2026-07-31 06:50:19,16,7416 11824 14980 16744 17604 18572 18684 19024 20328 21076 22892 24116 25012 27224 27724 28660,2758,21127,-3,
2026-07-31 06:50:34,16,7416 11824 14980 16744 17604 18572 18684 19024 20328 21076 22892 24116 25012 27224 27724 28660,2761,21124,-3,
2026-07-31 06:50:49,16,7416 11824 14980 16744 17604 18572 18684 19024 20328 21076 22892 24116 25012 27224 27724 28660,2759,21125,-3,
2026-07-31 06:51:04,16,7416 11824 14980 16744 17604 18572 18684 19024 20328 21076 22892 24116 25012 27224 27724 28660,2757,21128,-3,
2026-07-31 06:51:19,16,7416 11824 14980 16744 17604 18572 18684 19024 20328 21076 22892 24116 25012 27224 27724 28660,2760,21126,-3,
2026-07-31 06:51:34,16,7416 11824 14980 16744 17604 18572 18684 19024 20328 21076 22892 24116 25012 27224 27724 28660,2761,21127,-3,
2026-07-31 06:51:49,16,7416 11824 14980 16744 17604 18572 18684 19024 20328 21076 22892 24116 25012 27224 27724 28660,2759,21126,-3,
2026-07-31 06:52:05,16,7416 11824 14980 16744 17604 18572 18684 19024 20328 21076 22892 24116 25012 27224 27724 28660,2759,21126,-3,
2026-07-31 06:52:20,16,7416 11824 14980 16744 17604 18572 18684 19024 20328 21076 22892 24116 25012 27224 27724 28660,2758,21134,-3,
2026-07-31 06:52:35,16,7416 11824 14980 16744 17604 18572 18684 19024 20328 21076 22892 24116 25012 27224 27724 28660,2762,21126,-3,
2026-07-31 06:52:50,16,7416 11824 14980 16744 17604 18572 18684 19024 20328 21076 22892 24116 25012 27224 27724 28660,2758,21129,-3,
2026-07-31 06:53:05,16,7416 11824 14980 16744 17604 18572 18684 19024 20328 21076 22892 24116 25012 27224 27724 28660,2759,21128,-3,
2026-07-31 06:53:20,16,7416 11824 14980 16744 17604 18572 18684 19024 20328 21076 22892 24116 25012 27224 27724 28660,2758,21129,-3,
2026-07-31 06:53:35,16,7416 11824 14980 16744 17604 18572 18684 19024 20328 21076 22892 24116 25012 27224 27724 28660,2762,21126,-3,
2026-07-31 06:53:50,16,7416 11824 14980 16744 17604 18572 18684 19024 20328 21076 22892 24116 25012 27224 27724 28660,2761,21128,-3,
2026-07-31 06:54:05,16,7416 11824 14980 16744 17604 18572 18684 19024 20328 21076 22892 24116 25012 27224 27724 28660,2759,21132,-3,
2026-07-31 06:54:20,16,7416 11824 14980 16744 17604 18572 18684 19024 20328 21076 22892 24116 25012 27224 27724 28660,2758,21133,-3,
2026-07-31 06:54:35,16,7416 11824 14980 16744 17604 18572 18684 19024 20328 21076 22892 24116 25012 27224 27724 28660,2762,21129,-3,
2026-07-31 06:54:50,16,7416 11824 14980 16744 17604 18572 18684 19024 20328 21076 22892 24116 25012 27224 27724 28660,2759,21131,-3,
2026-07-31 06:55:05,16,7416 11824 14980 16744 17604 18572 18684 19024 20328 21076 22892 24116 25012 27224 27724 28660,2760,21131,-3,
2026-07-31 06:55:20,16,7416 11824 14980 16744 17604 18572 18684 19024 20328 21076 22892 24116 25012 27224 27724 28660,2760,21131,-3,
2026-07-31 06:55:35,16,7416 11824 14980 16744 17604 18572 18684 19024 20328 21076 22892 24116 25012 27224 27724 28660,2763,21130,-3,
2026-07-31 06:55:50,16,7416 11824 14980 16744 17604 18572 18684 19024 20328 21076 22892 24116 25012 27224 27724 28660,2761,21129,-3,
2026-07-31 06:56:05,16,7416 11824 14980 16744 17604 18572 18684 19024 20328 21076 22892 24116 25012 27224 27724 28660,2761,21131,-3,
2026-07-31 06:56:21,16,7416 11824 14980 16744 17604 18572 18684 19024 20328 21076 22892 24116 25012 27224 27724 28660,2761,21129,-3,
2026-07-31 06:56:36,16,7416 11824 14980 16744 17604 18572 18684 19024 20328 21076 22892 24116 25012 27224 27724 28660,2762,21128,-3,
2026-07-31 06:56:51,16,7416 11824 14980 16744 17604 18572 18684 19024 20328 21076 22892 24116 25012 27224 27724 28660,2760,21128,-3,
2026-07-31 06:57:06,16,7416 11824 14980 16744 17604 18572 18684 19024 20328 21076 22892 24116 25012 27224 27724 28660,2760,21127,-3,
2026-07-31 06:57:21,16,7416 11824 14980 16744 17604 18572 18684 19024 20328 21076 22892 24116 25012 27224 27724 28660,2759,21128,-3,
2026-07-31 06:57:36,16,7416 11824 14980 16744 17604 18572 18684 19024 20328 21076 22892 24116 25012 27224 27724 28660,2762,21125,-3,
2026-07-31 06:57:51,16,7416 11824 14980 16744 17604 18572 18684 19024 20328 21076 22892 24116 25012 27224 27724 28660,2762,21123,-3,
2026-07-31 06:58:06,16,7416 11824 14980 16744 17604 18572 18684 19024 20328 21076 22892 24116 25012 27224 27724 28660,2762,21123,-3,
2026-07-31 06:58:21,16,7416 11824 14980 16744 17604 18572 18684 19024 20328 21076 22892 24116 25012 27224 27724 28660,2764,21121,-3,
2026-07-31 06:58:36,16,7416 11824 14980 16744 17604 18572 18684 19024 20328 21076 22892 24116 25012 27224 27724 28660,2763,21123,-3,
2026-07-31 06:58:51,16,7416 11824 14980 16744 17604 18572 18684 19024 20328 21076 22892 24116 25012 27224 27724 28660,2765,21119,-3,
2026-07-31 06:59:06,16,7416 11824 14980 16744 17604 18572 18684 19024 20328 21076 22892 24116 25012 27224 27724 28660,2762,21123,-3,
2026-07-31 06:59:21,16,7416 11824 14980 16744 17604 18572 18684 19024 20328 21076 22892 24116 25012 27224 27724 28660,2761,21125,-3,
2026-07-31 06:59:36,16,7416 11824 14980 16744 17604 18572 18684 19024 20328 21076 22892 24116 25012 27224 27724 28660,2764,21121,-3,
2026-07-31 06:59:51,16,7416 11824 14980 16744 17604 18572 18684 19024 20328 21076 22892 24116 25012 27224 27724 28660,2764,21123,-3,
2026-07-31 07:00:06,16,7416 11824 14980 16744 17604 18572 18684 19024 20328 21076 22892 24116 25012 27224 27724 28660,2760,21126,-3,
2026-07-31 07:00:21,16,7416 11824 14980 16744 17604 18572 18684 19024 20328 21076 22892 24116 25012 27224 27724 28660,2760,21126,-3,
2026-07-31 07:00:37,16,7416 11824 14980 16744 17604 18572 18684 19024 20328 21076 22892 24116 25012 27224 27724 28660,2763,21121,-3,
2026-07-31 07:00:52,16,7416 11824 14980 16744 17604 18572 18684 19024 20328 21076 22892 24116 25012 27224 27724 28660,2763,21121,-3,
2026-07-31 07:01:07,16,7416 11824 14980 16744 17604 18572 18684 19024 20328 21076 22892 24116 25012 27224 27724 28660,2761,21126,-3,
2026-07-31 07:01:22,16,7416 11824 14980 16744 17604 18572 18684 19024 20328 21076 22892 24116 25012 27224 27724 28660,2761,21126,-3,
2026-07-31 07:01:37,16,7416 11824 14980 16744 17604 18572 18684 19024 20328 21076 22892 24116 25012 27224 27724 28660,2762,21125,-3,
2026-07-31 07:01:52,16,7416 11824 14980 16744 17604 18572 18684 19024 20328 21076 22892 24116 25012 27224 27724 28660,2763,21121,-3,
2026-07-31 07:02:07,16,7416 11824 14980 16744 17604 18572 18684 19024 20328 21076 22892 24116 25012 27224 27724 28660,2761,21122,-3,
2026-07-31 07:02:22,16,7416 11824 14980 16744 17604 18572 18684 19024 20328 21076 22892 24116 25012 27224 27724 28660,2762,21122,-3,
2026-07-31 07:02:37,16,7416 11824 14980 16744 17604 18572 18684 19024 20328 21076 22892 24116 25012 27224 27724 28660,2764,21120,-3,
2026-07-31 07:02:52,16,7416 11824 14980 16744 17604 18572 18684 19024 20328 21076 22892 24116 25012 27224 27724 28660,2764,21123,-3,
2026-07-31 07:03:07,16,7416 11824 14980 16744 17604 18572 18684 19024 20328 21076 22892 24116 25012 27224 27724 28660,2761,21126,-3,
2026-07-31 07:03:22,16,7416 11824 14980 16744 17604 18572 18684 19024 20328 21076 22892 24116 25012 27224 27724 28660,2761,21126,-3,
2026-07-31 07:03:37,16,7416 11824 14980 16744 17604 18572 18684 19024 20328 21076 22892 24116 25012 27224 27724 28660,2763,21124,-3,
2026-07-31 07:03:52,16,7416 11824 14980 16744 17604 18572 18684 19024 20328 21076 22892 24116 25012 27224 27724 28660,2763,21124,-3,
2026-07-31 07:04:07,16,7416 11824 14980 16744 17604 18572 18684 19024 20328 21076 22892 24116 25012 27224 27724 28660,2762,21120,-3,
2026-07-31 07:04:22,16,7416 11824 14980 16744 17604 18572 18684 19024 20328 21076 22892 24116 25012 27224 27724 28660,2761,21124,-3,
2026-07-31 07:04:37,16,7416 11824 14980 16744 17604 18572 18684 19024 20328 21076 22892 24116 25012 27224 27724 28660,2765,21118,-3,
2026-07-31 07:04:53,16,7416 11824 14980 16744 17604 18572 18684 19024 20328 21076 22892 24116 25012 27224 27724 28660,2767,21095,-3,
2026-07-31 07:05:08,16,7416 11824 14980 16744 17604 18572 18684 19024 20328 21076 22892 24116 25012 27224 27724 28660,2762,21094,-3,
2026-07-31 07:05:23,16,7416 11824 14980 16744 17604 18572 18684 19024 20328 21076 22892 24116 25012 27224 27724 28660,2764,21107,-3,
2026-07-31 07:05:38,16,7416 11824 14980 16744 17604 18572 18684 19024 20328 21076 22892 24116 25012 27224 27724 28660,2766,21109,-3,
2026-07-31 07:05:53,16,7416 11824 14980 16744 17604 18572 18684 19024 20328 21076 22892 24116 25012 27224 27724 28660,2763,21108,-3,
2026-07-31 07:06:08,16,7416 11824 14980 16744 17604 18572 18684 19024 20328 21076 22892 24116 25012 27224 27724 28660,2764,21111,-3,
2026-07-31 07:06:23,16,7416 11824 14980 16744 17604 18572 18684 19024 20328 21076 22892 24116 25012 27224 27724 28660,2762,21112,-3,
2026-07-31 07:06:38,16,7416 11824 14980 16744 17604 18572 18684 19024 20328 21076 22892 24116 25012 27224 27724 28660,2765,21106,-3,
2026-07-31 07:06:53,16,7416 11824 14980 16744 17604 18572 18684 19024 20328 21076 22892 24116 25012 27224 27724 28660,2762,21109,-3,
2026-07-31 07:07:08,16,7416 11824 14980 16744 17604 18572 18684 19024 20328 21076 22892 24116 25012 27224 27724 28660,2762,21111,-3,
2026-07-31 07:07:23,16,7416 11824 14980 16744 17604 18572 18684 19024 20328 21076 22892 24116 25012 27224 27724 28660,2761,21112,-3,
2026-07-31 07:07:38,16,7416 11824 14980 16744 17604 18572 18684 19024 20328 21076 22892 24116 25012 27224 27724 28660,2765,21104,-3,
2026-07-31 07:07:53,16,7416 11824 14980 16744 17604 18572 18684 19024 20328 21076 22892 24116 25012 27224 27724 28660,2765,21021,-3,
2026-07-31 07:08:08,16,7416 11824 14980 16744 17604 18572 18684 19024 20328 21076 22892 24116 25012 27224 27724 28660,2763,21027,-3,
2026-07-31 07:08:23,16,7416 11824 14980 16744 17604 18572 18684 19024 20328 21076 22892 24116 25012 27224 27724 28660,2762,21039,-3,
2026-07-31 07:08:38,16,7416 11824 14980 16744 17604 18572 18684 19024 20328 21076 22892 24116 25012 27224 27724 28660,2765,21038,-3,
2026-07-31 07:08:54,16,7416 11824 14980 16744 17604 18572 18684 19024 20328 21076 22892 24116 25012 27224 27724 28660,2764,21052,-3,
2026-07-31 07:09:09,16,7416 11824 14980 16744 17604 18572 18684 19024 20328 21076 22892 24116 25012 27224 27724 28660,2764,21056,-3,
2026-07-31 07:09:24,16,7416 11824 14980 16744 17604 18572 18684 19024 20328 21076 22892 24116 25012 27224 27724 28660,2761,21083,-3,
2026-07-31 07:09:39,16,7416 11824 14980 16744 17604 18572 18684 19024 20328 21076 22892 24116 25012 27224 27724 28660,2764,21085,-3,
2026-07-31 07:09:54,16,7416 11824 14980 16744 17604 18572 18684 19024 20328 21076 22892 24116 25012 27224 27724 28660,2764,21097,-3,
2026-07-31 07:10:09,16,7416 11824 14980 16744 17604 18572 18684 19024 20328 21076 22892 24116 25012 27224 27724 28660,2763,21099,-3,
2026-07-31 07:10:24,16,7416 11824 14980 16744 17604 18572 18684 19024 20328 21076 22892 24116 25012 27224 27724 28660,2760,21102,-3,
2026-07-31 07:10:39,16,7416 11824 14980 16744 17604 18572 18684 19024 20328 21076 22892 24116 25012 27224 27724 28660,2764,21101,-3,
2026-07-31 07:10:54,16,7416 11824 14980 16744 17604 18572 18684 19024 20328 21076 22892 24116 25012 27224 27724 28660,2764,21100,-3,
2026-07-31 07:11:09,16,7416 11824 14980 16744 17604 18572 18684 19024 20328 21076 22892 24116 25012 27224 27724 28660,2764,21102,-3,
2026-07-31 07:11:24,16,7416 11824 14980 16744 17604 18572 18684 19024 20328 21076 22892 24116 25012 27224 27724 28660,2761,21104,-3,
2026-07-31 07:11:39,16,7416 11824 14980 16744 17604 18572 18684 19024 20328 21076 22892 24116 25012 27224 27724 28660,2763,21103,-3,
2026-07-31 07:11:54,16,7416 11824 14980 16744 17604 18572 18684 19024 20328 21076 22892 24116 25012 27224 27724 28660,2764,21103,-3,
2026-07-31 07:12:09,16,7416 11824 14980 16744 17604 18572 18684 19024 20328 21076 22892 24116 25012 27224 27724 28660,2764,21103,-3,
2026-07-31 07:12:24,16,7416 11824 14980 16744 17604 18572 18684 19024 20328 21076 22892 24116 25012 27224 27724 28660,2764,21107,-3,
2026-07-31 07:12:39,16,7416 11824 14980 16744 17604 18572 18684 19024 20328 21076 22892 24116 25012 27224 27724 28660,2766,21104,-3,
2026-07-31 07:12:54,16,7416 11824 14980 16744 17604 18572 18684 19024 20328 21076 22892 24116 25012 27224 27724 28660,2765,21107,-3,
2026-07-31 07:13:10,16,7416 11824 14980 16744 17604 18572 18684 19024 20328 21076 22892 24116 25012 27224 27724 28660,2764,21107,-3,
2026-07-31 07:13:25,16,7416 11824 14980 16744 17604 18572 18684 19024 20328 21076 22892 24116 25012 27224 27724 28660,2763,21107,-3,
2026-07-31 07:13:40,16,7416 11824 14980 16744 17604 18572 18684 19024 20328 21076 22892 24116 25012 27224 27724 28660,2764,21108,-3,
2026-07-31 07:13:55,16,7416 11824 14980 16744 17604 18572 18684 19024 20328 21076 22892 24116 25012 27224 27724 28660,2765,21108,-3,
2026-07-31 07:14:10,16,7416 11824 14980 16744 17604 18572 18684 19024 20328 21076 22892 24116 25012 27224 27724 28660,2768,21098,-3,
2026-07-31 07:14:25,16,7416 11824 14980 16744 17604 18572 18684 19024 20328 21076 22892 24116 25012 27224 27724 28660,2769,21098,-3,
2026-07-31 07:14:40,16,7416 11824 14980 16744 17604 18572 18684 19024 20328 21076 22892 24116 25012 27224 27724 28660,2768,21099,-3,
2026-07-31 07:14:55,16,7416 11824 14980 16744 17604 18572 18684 19024 20328 21076 22892 24116 25012 27224 27724 28660,2766,21099,-3,
2026-07-31 07:15:10,16,7416 11824 14980 16744 17604 18572 18684 19024 20328 21076 22892 24116 25012 27224 27724 28660,2766,21101,-3,
2026-07-31 07:15:25,16,7416 11824 14980 16744 17604 18572 18684 19024 20328 21076 22892 24116 25012 27224 27724 28660,2764,21104,-3,
2026-07-31 07:15:40,16,7416 11824 14980 16744 17604 18572 18684 19024 20328 21076 22892 24116 25012 27224 27724 28660,2768,21096,-3,
2026-07-31 07:15:55,16,7416 11824 14980 16744 17604 18572 18684 19024 20328 21076 22892 24116 25012 27224 27724 28660,2765,21107,-3,
2026-07-31 07:16:10,16,7416 11824 14980 16744 17604 18572 18684 19024 20328 21076 22892 24116 25012 27224 27724 28660,2765,21107,-3,
2026-07-31 07:16:25,16,7416 11824 14980 16744 17604 18572 18684 19024 20328 21076 22892 24116 25012 27224 27724 28660,2764,21106,-3,
2026-07-31 07:16:40,16,7416 11824 14980 16744 17604 18572 18684 19024 20328 21076 22892 24116 25012 27224 27724 28660,2765,21106,-3,
2026-07-31 07:16:55,16,7416 11824 14980 16744 17604 18572 18684 19024 20328 21076 22892 24116 25012 27224 27724 28660,2764,21098,-3,
2026-07-31 07:17:10,16,7416 11824 14980 16744 17604 18572 18684 19024 20328 21076 22892 24116 25012 27224 27724 28660,2764,21101,-3,
2026-07-31 07:17:26,16,7416 11824 14980 16744 17604 18572 18684 19024 20328 21076 22892 24116 25012 27224 27724 28660,2764,21097,-3,
2026-07-31 07:17:41,16,7416 11824 14980 16744 17604 18572 18684 19024 20328 21076 22892 24116 25012 27224 27724 28660,2767,21085,-3,
2026-07-31 07:17:56,16,7416 11824 14980 16744 17604 18572 18684 19024 20328 21076 22892 24116 25012 27224 27724 28660,2767,21092,-3,
2026-07-31 07:18:11,16,7416 11824 14980 16744 17604 18572 18684 19024 20328 21076 22892 24116 25012 27224 27724 28660,2765,21099,-3,
2026-07-31 07:18:26,16,7416 11824 14980 16744 17604 18572 18684 19024 20328 21076 22892 24116 25012 27224 27724 28660,2765,21106,-3,
2026-07-31 07:18:41,16,7416 11824 14980 16744 17604 18572 18684 19024 20328 21076 22892 24116 25012 27224 27724 28660,2766,21104,-3,
2026-07-31 07:18:56,16,7416 11824 14980 16744 17604 18572 18684 19024 20328 21076 22892 24116 25012 27224 27724 28660,2764,21106,-3,
2026-07-31 07:19:11,16,7416 11824 14980 16744 17604 18572 18684 19024 20328 21076 22892 24116 25012 27224 27724 28660,2764,21107,-3,
2026-07-31 07:19:26,16,7416 11824 14980 16744 17604 18572 18684 19024 20328 21076 22892 24116 25012 27224 27724 28660,2764,21109,-3,
2026-07-31 07:19:41,16,7416 11824 14980 16744 17604 18572 18684 19024 20328 21076 22892 24116 25012 27224 27724 28660,2767,21108,-3,
2026-07-31 07:19:56,16,7416 11824 14980 16744 17604 18572 18684 19024 20328 21076 22892 24116 25012 27224 27724 28660,2766,21108,-3,
2026-07-31 07:20:11,16,7416 11824 14980 16744 17604 18572 18684 19024 20328 21076 22892 24116 25012 27224 27724 28660,2765,21110,-3,
2026-07-31 07:20:26,16,7416 11824 14980 16744 17604 18572 18684 19024 20328 21076 22892 24116 25012 27224 27724 28660,2764,21110,-3,
2026-07-31 07:20:41,16,7416 11824 14980 16744 17604 18572 18684 19024 20328 21076 22892 24116 25012 27224 27724 28660,2765,21110,-3,
2026-07-31 07:20:56,16,7416 11824 14980 16744 17604 18572 18684 19024 20328 21076 22892 24116 25012 27224 27724 28660,2767,21096,-3,
2026-07-31 07:21:12,16,7416 11824 14980 16744 17604 18572 18684 19024 20328 21076 22892 24116 25012 27224 27724 28660,2765,21100,-3,
2026-07-31 07:21:27,16,7416 11824 14980 16744 17604 18572 18684 19024 20328 21076 22892 24116 25012 27224 27724 28660,2764,21153,-3,
2026-07-31 07:21:42,16,7416 11824 14980 16744 17604 18572 18684 19024 20328 21076 22892 24116 25012 27224 27724 28660,2766,21096,-3,
2026-07-31 07:21:57,16,7416 11824 14980 16744 17604 18572 18684 19024 20328 21076 22892 24116 25012 27224 27724 28660,2765,21096,-3,
2026-07-31 07:22:12,16,7416 11824 14980 16744 17604 18572 18684 19024 20328 21076 22892 24116 25012 27224 27724 28660,2766,21109,-3,
2026-07-31 07:22:27,16,7416 11824 14980 16744 17604 18572 18684 19024 20328 21076 22892 24116 25012 27224 27724 28660,2764,21110,-3,
2026-07-31 07:22:42,16,7416 11824 14980 16744 17604 18572 18684 19024 20328 21076 22892 24116 25012 27224 27724 28660,2769,21106,-3,
2026-07-31 07:22:57,16,7416 11824 14980 16744 17604 18572 18684 19024 20328 21076 22892 24116 25012 27224 27724 28660,2767,21108,-3,
2026-07-31 07:23:12,16,7416 11824 14980 16744 17604 18572 18684 19024 20328 21076 22892 24116 25012 27224 27724 28660,2764,21117,-3,
2026-07-31 07:23:27,16,7416 11824 14980 16744 17604 18572 18684 19024 20328 21076 22892 24116 25012 27224 27724 28660,2764,21117,-3,
2026-07-31 07:23:42,16,7416 11824 14980 16744 17604 18572 18684 19024 20328 21076 22892 24116 25012 27224 27724 28660,2767,21092,-3,
2026-07-31 07:23:57,16,7416 11824 14980 16744 17604 18572 18684 19024 20328 21076 22892 24116 25012 27224 27724 28660,2769,21090,-3,
2026-07-31 07:24:12,16,7416 11824 14980 16744 17604 18572 18684 19024 20328 21076 22892 24116 25012 27224 27724 28660,2766,21093,-3,
2026-07-31 07:24:27,16,7416 11824 14980 16744 17604 18572 18684 19024 20328 21076 22892 24116 25012 27224 27724 28660,2766,21098,-3,
2026-07-31 07:24:42,16,7416 11824 14980 16744 17604 18572 18684 19024 20328 21076 22892 24116 25012 27224 27724 28660,2768,21113,-3,
2026-07-31 07:24:57,16,7416 11824 14980 16744 17604 18572 18684 19024 20328 21076 22892 24116 25012 27224 27724 28660,2768,21113,-3,
2026-07-31 07:25:12,16,7416 11824 14980 16744 17604 18572 18684 19024 20328 21076 22892 24116 25012 27224 27724 28660,2766,21116,-3,
2026-07-31 07:25:27,16,7416 11824 14980 16744 17604 18572 18684 19024 20328 21076 22892 24116 25012 27224 27724 28660,2764,21117,-3,
2026-07-31 07:25:43,16,7416 11824 14980 16744 17604 18572 18684 19024 20328 21076 22892 24116 25012 27224 27724 28660,2769,21112,-3,
2026-07-31 07:25:58,16,7416 11824 14980 16744 17604 18572 18684 19024 20328 21076 22892 24116 25012 27224 27724 28660,2768,21112,-3,
2026-07-31 07:26:13,16,7416 11824 14980 16744 17604 18572 18684 19024 20328 21076 22892 24116 25012 27224 27724 28660,2766,21115,-3,
2026-07-31 07:26:28,16,7416 11824 14980 16744 17604 18572 18684 19024 20328 21076 22892 24116 25012 27224 27724 28660,2764,21111,-3,
2026-07-31 07:26:43,16,7416 11824 14980 16744 17604 18572 18684 19024 20328 21076 22892 24116 25012 27224 27724 28660,2769,21105,-3,
2026-07-31 07:26:58,16,7416 11824 14980 16744 17604 18572 18684 19024 20328 21076 22892 24116 25012 27224 27724 28660,2766,21111,-3,
2026-07-31 07:27:13,16,7416 11824 14980 16744 17604 18572 18684 19024 20328 21076 22892 24116 25012 27224 27724 28660,2766,21107,-3,
2026-07-31 07:27:28,16,7416 11824 14980 16744 17604 18572 18684 19024 20328 21076 22892 24116 25012 27224 27724 28660,2765,21105,-3,
2026-07-31 07:27:43,16,7416 11824 14980 16744 17604 18572 18684 19024 20328 21076 22892 24116 25012 27224 27724 28660,2770,21097,-3,
2026-07-31 07:27:58,16,7416 11824 14980 16744 17604 18572 18684 19024 20328 21076 22892 24116 25012 27224 27724 28660,2766,21110,-3,
2026-07-31 07:28:13,16,7416 11824 14980 16744 17604 18572 18684 19024 20328 21076 22892 24116 25012 27224 27724 28660,2766,21111,-3,
2026-07-31 07:28:28,16,7416 11824 14980 16744 17604 18572 18684 19024 20328 21076 22892 24116 25012 27224 27724 28660,2764,21115,-3,
2026-07-31 07:28:43,16,7416 11824 14980 16744 17604 18572 18684 19024 20328 21076 22892 24116 25012 27224 27724 28660,2770,21110,-3,
2026-07-31 07:28:58,16,7416 11824 14980 16744 17604 18572 18684 19024 20328 21076 22892 24116 25012 27224 27724 28660,2765,21114,-3,
2026-07-31 07:29:13,16,7416 11824 14980 16744 17604 18572 18684 19024 20328 21076 22892 24116 25012 27224 27724 28660,2766,21111,-3,
2026-07-31 07:29:28,16,7416 11824 14980 16744 17604 18572 18684 19024 20328 21076 22892 24116 25012 27224 27724 28660,2765,21113,-3,
2026-07-31 07:29:44,16,7416 11824 14980 16744 17604 18572 18684 19024 20328 21076 22892 24116 25012 27224 27724 28660,2770,21108,-3,
2026-07-31 07:29:59,16,7416 11824 14980 16744 17604 18572 18684 19024 20328 21076 22892 24116 25012 27224 27724 28660,2769,21110,-3,
2026-07-31 07:30:14,16,7416 11824 14980 16744 17604 18572 18684 19024 20328 21076 22892 24116 25012 27224 27724 28660,2766,21113,-3,
2026-07-31 07:30:29,16,7416 11824 14980 16744 17604 18572 18684 19024 20328 21076 22892 24116 25012 27224 27724 28660,2766,21114,-3,
2026-07-31 07:30:44,16,7416 11824 14980 16744 17604 18572 18684 19024 20328 21076 22892 24116 25012 27224 27724 28660,2765,21115,-3,
2026-07-31 07:30:59,16,7416 11824 14980 16744 17604 18572 18684 19024 20328 21076 22892 24116 25012 27224 27724 28660,2765,21115,-3,
2026-07-31 07:31:14,16,7416 11824 14980 16744 17604 18572 18684 19024 20328 21076 22892 24116 25012 27224 27724 28660,2763,21119,-3,
2026-07-31 07:31:29,16,7416 11824 14980 16744 17604 18572 18684 19024 20328 21076 22892 24116 25012 27224 27724 28660,2762,21123,-3,
2026-07-31 07:31:44,16,7416 11824 14980 16744 17604 18572 18684 19024 20328 21076 22892 24116 25012 27224 27724 28660,2767,21116,-3,
2026-07-31 07:31:59,16,7416 11824 14980 16744 17604 18572 18684 19024 20328 21076 22892 24116 25012 27224 27724 28660,2764,21117,-3,
2026-07-31 07:32:14,16,7416 11824 14980 16744 17604 18572 18684 19024 20328 21076 22892 24116 25012 27224 27724 28660,2763,21115,-3,
2026-07-31 07:32:29,16,7416 11824 14980 16744 17604 18572 18684 19024 20328 21076 22892 24116 25012 27224 27724 28660,2762,21116,-3,
2026-07-31 07:32:44,16,7416 11824 14980 16744 17604 18572 18684 19024 20328 21076 22892 24116 25012 27224 27724 28660,2766,21111,-3,
2026-07-31 07:32:59,16,7416 11824 14980 16744 17604 18572 18684 19024 20328 21076 22892 24116 25012 27224 27724 28660,2766,21116,-3,
2026-07-31 07:33:14,16,7416 11824 14980 16744 17604 18572 18684 19024 20328 21076 22892 24116 25012 27224 27724 28660,2763,21118,-3,
2026-07-31 07:33:29,16,7416 11824 14980 16744 17604 18572 18684 19024 20328 21076 22892 24116 25012 27224 27724 28660,2763,21122,-3,
2026-07-31 07:33:44,16,7416 11824 14980 16744 17604 18572 18684 19024 20328 21076 22892 24116 25012 27224 27724 28660,2765,21119,-3,
2026-07-31 07:34:00,16,7416 11824 14980 16744 17604 18572 18684 19024 20328 21076 22892 24116 25012 27224 27724 28660,2766,21120,-3,
2026-07-31 07:34:15,16,7416 11824 14980 16744 17604 18572 18684 19024 20328 21076 22892 24116 25012 27224 27724 28660,2765,21121,-3,
2026-07-31 07:34:30,16,7416 11824 14980 16744 17604 18572 18684 19024 20328 21076 22892 24116 25012 27224 27724 28660,2764,21121,-3,
2026-07-31 07:34:45,16,7416 11824 14980 16744 17604 18572 18684 19024 20328 21076 22892 24116 25012 27224 27724 28660,2766,21119,-3,
2026-07-31 07:35:00,16,7416 11824 14980 16744 17604 18572 18684 19024 20328 21076 22892 24116 25012 27224 27724 28660,2765,21122,-3,
2026-07-31 07:35:15,16,7416 11824 14980 16744 17604 18572 18684 19024 20328 21076 22892 24116 25012 27224 27724 28660,2764,21123,-3,
2026-07-31 07:35:30,16,7416 11824 14980 16744 17604 18572 18684 19024 20328 21076 22892 24116 25012 27224 27724 28660,2762,21124,-3,
2026-07-31 07:35:45,16,7416 11824 14980 16744 17604 18572 18684 19024 20328 21076 22892 24116 25012 27224 27724 28660,2768,21121,-3,
2026-07-31 07:36:00,16,7416 11824 14980 16744 17604 18572 18684 19024 20328 21076 22892 24116 25012 27224 27724 28660,2763,21120,-3,
2026-07-31 07:36:15,16,7416 11824 14980 16744 17604 18572 18684 19024 20328 21076 22892 24116 25012 27224 27724 28660,2764,21118,-3,
2026-07-31 07:36:30,16,7416 11824 14980 16744 17604 18572 18684 19024 20328 21076 22892 24116 25012 27224 27724 28660,2763,21118,-3,
2026-07-31 07:36:45,16,7416 11824 14980 16744 17604 18572 18684 19024 20328 21076 22892 24116 25012 27224 27724 28660,2766,21113,-3,
2026-07-31 07:37:00,16,7416 11824 14980 16744 17604 18572 18684 19024 20328 21076 22892 24116 25012 27224 27724 28660,2765,21113,-3,
2026-07-31 07:37:15,16,7416 11824 14980 16744 17604 18572 18684 19024 20328 21076 22892 24116 25012 27224 27724 28660,2764,21112,-3,
2026-07-31 07:37:30,16,7416 11824 14980 16744 17604 18572 18684 19024 20328 21076 22892 24116 25012 27224 27724 28660,2764,21094,-3,
2026-07-31 07:37:45,16,7416 11824 14980 16744 17604 18572 18684 19024 20328 21076 22892 24116 25012 27224 27724 28660,2768,21100,-3,
2026-07-31 07:38:00,16,7416 11824 14980 16744 17604 18572 18684 19024 20328 21076 22892 24116 25012 27224 27724 28660,2767,21151,-3,
2026-07-31 07:38:16,16,7416 11824 14980 16744 17604 18572 18684 19024 20328 21076 22892 24116 25012 27224 27724 28660,2765,21090,-3,
2026-07-31 07:38:31,16,7416 11824 14980 16744 17604 18572 18684 19024 20328 21076 22892 24116 25012 27224 27724 28660,2763,21106,-3,
2026-07-31 07:38:46,16,7416 11824 14980 16744 17604 18572 18684 19024 20328 21076 22892 24116 25012 27224 27724 28660,2769,21110,-3,
2026-07-31 07:39:01,16,7416 11824 14980 16744 17604 18572 18684 19024 20328 21076 22892 24116 25012 27224 27724 28660,2768,21112,-3,
2026-07-31 07:39:16,16,7416 11824 14980 16744 17604 18572 18684 19024 20328 21076 22892 24116 25012 27224 27724 28660,2765,21115,-3,
2026-07-31 07:39:31,16,7416 11824 14980 16744 17604 18572 18684 19024 20328 21076 22892 24116 25012 27224 27724 28660,2763,21118,-3,
2026-07-31 07:39:46,16,7416 11824 14980 16744 17604 18572 18684 19024 20328 21076 22892 24116 25012 27224 27724 28660,2772,21077,-3,
2026-07-31 07:40:01,16,7416 11824 14980 16744 17604 18572 18684 19024 20328 21076 22892 24116 25012 27224 27724 28660,2765,21080,-3,
2026-07-31 07:40:16,16,7416 11824 14980 16744 17604 18572 18684 19024 20328 21076 22892 24116 25012 27224 27724 28660,2765,21081,-3,
2026-07-31 07:40:31,16,7416 11824 14980 16744 17604 18572 18684 19024 20328 21076 22892 24116 25012 27224 27724 28660,2763,21080,-3,
2026-07-31 07:40:46,16,7416 11824 14980 16744 17604 18572 18684 19024 20328 21076 22892 24116 25012 27224 27724 28660,2768,21092,-3,
2026-07-31 07:41:01,16,7416 11824 14980 16744 17604 18572 18684 19024 20328 21076 22892 24116 25012 27224 27724 28660,2765,21096,-3,
2026-07-31 07:41:16,16,7416 11824 14980 16744 17604 18572 18684 19024 20328 21076 22892 24116 25012 27224 27724 28660,2779,21085,-3,
2026-07-31 07:41:31,16,7416 11824 14980 16744 17604 18572 18684 19024 20328 21076 22892 24116 25012 27224 27724 28660,2781,21084,-3,
2026-07-31 07:41:46,16,7416 11824 14980 16744 17604 18572 18684 19024 20328 21076 22892 24116 25012 27224 27724 28660,2783,21084,-3,
2026-07-31 07:42:01,16,7416 11824 14980 16744 17604 18572 18684 19024 20328 21076 22892 24116 25012 27224 27724 28660,2778,21089,-3,
2026-07-31 07:42:17,16,7416 11824 14980 16744 17604 18572 18684 19024 20328 21076 22892 24116 25012 27224 27724 28660,2783,21080,-3,
2026-07-31 07:42:32,16,7416 11824 14980 16744 17604 18572 18684 19024 20328 21076 22892 24116 25012 27224 27724 28660,2770,21066,-3,
2026-07-31 07:42:47,16,7416 11824 14980 16744 17604 18572 18684 19024 20328 21076 22892 24116 25012 27224 27724 28660,2765,20954,-3,
2026-07-31 07:43:02,16,7416 11824 14980 16744 17604 18572 18684 19024 20328 21076 22892 24116 25012 27224 27724 28660,2765,20953,-3,
2026-07-31 07:43:17,16,7416 11824 14980 16744 17604 18572 18684 19024 20328 21076 22892 24116 25012 27224 27724 28660,2765,20954,-3,
2026-07-31 07:43:32,16,7416 11824 14980 16744 17604 18572 18684 19024 20328 21076 22892 24116 25012 27224 27724 28660,2765,20959,-3,
2026-07-31 07:43:47,16,7416 11824 14980 16744 17604 18572 18684 19024 20328 21076 22892 24116 25012 27224 27724 28660,2766,20959,-3,
2026-07-31 07:44:02,16,7416 11824 14980 16744 17604 18572 18684 19024 20328 21076 22892 24116 25012 27224 27724 28660,2766,20952,-3,
2026-07-31 07:44:17,16,7416 11824 14980 16744 17604 18572 18684 19024 20328 21076 22892 24116 25012 27224 27724 28660,2765,20951,-3,
2026-07-31 07:44:32,16,7416 11824 14980 16744 17604 18572 18684 19024 20328 21076 22892 24116 25012 27224 27724 28660,2766,20953,-3,
2026-07-31 07:44:47,16,7416 11824 14980 16744 17604 18572 18684 19024 20328 21076 22892 24116 25012 27224 27724 28660,2766,20955,-3,
2026-07-31 07:45:02,16,7416 11824 14980 16744 17604 18572 18684 19024 20328 21076 22892 24116 25012 27224 27724 28660,2766,20951,-3,
2026-07-31 07:45:17,16,7416 11824 14980 16744 17604 18572 18684 19024 20328 21076 22892 24116 25012 27224 27724 28660,2766,20956,-3,
2026-07-31 07:45:32,16,7416 11824 14980 16744 17604 18572 18684 19024 20328 21076 22892 24116 25012 27224 27724 28660,2767,20944,-3,
2026-07-31 07:45:47,16,7416 11824 14980 16744 17604 18572 18684 19024 20328 21076 22892 24116 25012 27224 27724 28660,2767,20964,-3,
2026-07-31 07:46:03,16,7416 11824 14980 16744 17604 18572 18684 19024 20328 21076 22892 24116 25012 27224 27724 28660,2767,20962,-3,
2026-07-31 07:46:18,16,7416 11824 14980 16744 17604 18572 18684 19024 20328 21076 22892 24116 25012 27224 27724 28660,2766,20962,-3,
2026-07-31 07:46:33,16,7416 11824 14980 16744 17604 18572 18684 19024 20328 21076 22892 24116 25012 27224 27724 28660,2766,20962,-3,
2026-07-31 07:46:48,16,7416 11824 14980 16744 17604 18572 18684 19024 20328 21076 22892 24116 25012 27224 27724 28660,2765,20961,-3,
2026-07-31 07:47:03,16,7416 11824 14980 16744 17604 18572 18684 19024 20328 21076 22892 24116 25012 27224 27724 28660,2765,20957,-3,
2026-07-31 07:47:18,16,7416 11824 14980 16744 17604 18572 18684 19024 20328 21076 22892 24116 25012 27224 27724 28660,2765,20958,-3,
2026-07-31 07:47:33,16,7416 11824 14980 16744 17604 18572 18684 19024 20328 21076 22892 24116 25012 27224 27724 28660,2765,20965,-3,
2026-07-31 07:47:48,16,7416 11824 14980 16744 17604 18572 18684 19024 20328 21076 22892 24116 25012 27224 27724 28660,2765,20961,-3,
2026-07-31 07:48:03,16,7416 11824 14980 16744 17604 18572 18684 19024 20328 21076 22892 24116 25012 27224 27724 28660,2765,20969,-3,
2026-07-31 07:48:18,16,7416 11824 14980 16744 17604 18572 18684 19024 20328 21076 22892 24116 25012 27224 27724 28660,2765,20970,-3,
2026-07-31 07:48:33,16,7416 11824 14980 16744 17604 18572 18684 19024 20328 21076 22892 24116 25012 27224 27724 28660,2765,20970,-3,
2026-07-31 07:48:48,16,7416 11824 14980 16744 17604 18572 18684 19024 20328 21076 22892 24116 25012 27224 27724 28660,2765,20975,-3,
2026-07-31 07:49:03,16,7416 11824 14980 16744 17604 18572 18684 19024 20328 21076 22892 24116 25012 27224 27724 28660,2764,20966,-3,
2026-07-31 07:49:18,16,7416 11824 14980 16744 17604 18572 18684 19024 20328 21076 22892 24116 25012 27224 27724 28660,2764,20966,-3,
2026-07-31 07:49:33,16,7416 11824 14980 16744 17604 18572 18684 19024 20328 21076 22892 24116 25012 27224 27724 28660,2763,20973,-3,
2026-07-31 07:49:49,16,7416 11824 14980 16744 17604 18572 18684 19024 20328 21076 22892 24116 25012 27224 27724 28660,2764,20952,-3,
2026-07-31 07:50:04,16,7416 11824 14980 16744 17604 18572 18684 19024 20328 21076 22892 24116 25012 27224 27724 28660,2763,20956,-3,
2026-07-31 07:50:19,16,7416 11824 14980 16744 17604 18572 18684 19024 20328 21076 22892 24116 25012 27224 27724 28660,2762,21019,-3,
2026-07-31 07:50:34,16,7416 11824 14980 16744 17604 18572 18684 19024 20328 21076 22892 24116 25012 27224 27724 28660,2762,20957,-3,
2026-07-31 07:50:49,16,7416 11824 14980 16744 17604 18572 18684 19024 20328 21076 22892 24116 25012 27224 27724 28660,2762,20967,-3,
2026-07-31 07:51:04,16,7416 11824 14980 16744 17604 18572 18684 19024 20328 21076 22892 24116 25012 27224 27724 28660,2762,20973,-3,
2026-07-31 07:51:19,16,7416 11824 14980 16744 17604 18572 18684 19024 20328 21076 22892 24116 25012 27224 27724 28660,2762,20970,-3,
2026-07-31 07:51:34,16,7416 11824 14980 16744 17604 18572 18684 19024 20328 21076 22892 24116 25012 27224 27724 28660,2762,20973,-3,
2026-07-31 07:51:49,16,7416 11824 14980 16744 17604 18572 18684 19024 20328 21076 22892 24116 25012 27224 27724 28660,2762,20974,-3,
2026-07-31 07:52:04,16,7416 11824 14980 16744 17604 18572 18684 19024 20328 21076 22892 24116 25012 27224 27724 28660,2762,20975,-3,
2026-07-31 07:52:19,16,7416 11824 14980 16744 17604 18572 18684 19024 20328 21076 22892 24116 25012 27224 27724 28660,2761,20977,-3,
2026-07-31 07:52:34,16,7416 11824 14980 16744 17604 18572 18684 19024 20328 21076 22892 24116 25012 27224 27724 28660,2761,20983,-3,
2026-07-31 07:52:49,16,7416 11824 14980 16744 17604 18572 18684 19024 20328 21076 22892 24116 25012 27224 27724 28660,2762,20975,-3,
2026-07-31 07:53:04,16,7416 11824 14980 16744 17604 18572 18684 19024 20328 21076 22892 24116 25012 27224 27724 28660,2762,20976,-3,
2026-07-31 07:53:19,16,7416 11824 14980 16744 17604 18572 18684 19024 20328 21076 22892 24116 25012 27224 27724 28660,2762,20987,-3,
2026-07-31 07:53:34,16,7416 11824 14980 16744 17604 18572 18684 19024 20328 21076 22892 24116 25012 27224 27724 28660,2761,20980,-3,
2026-07-31 07:53:50,16,7416 11824 14980 16744 17604 18572 18684 19024 20328 21076 22892 24116 25012 27224 27724 28660,2959,20789,-3,
2026-07-31 07:54:05,16,7416 11824 14980 16744 17604 18572 18684 19024 20328 21076 22892 24116 25012 27224 27724 28660,2935,20819,-3,
2026-07-31 07:54:20,16,7416 11824 14980 16744 17604 18572 18684 19024 20328 21076 22892 24116 25012 27224 27724 28660,2924,20808,-3,
2026-07-31 07:54:35,16,7416 11824 14980 16744 17604 18572 18684 19024 20328 21076 22892 24116 25012 27224 27724 28660,2767,20948,-3,
2026-07-31 07:54:50,16,7416 11824 14980 16744 17604 18572 18684 19024 20328 21076 22892 24116 25012 27224 27724 28660,2772,21016,-3,
2026-07-31 07:55:05,16,7416 11824 14980 16744 17604 18572 18684 19024 20328 21076 22892 24116 25012 27224 27724 28660,2766,20966,-3,
2026-07-31 07:55:20,16,7416 11824 14980 16744 17604 18572 18684 19024 20328 21076 22892 24116 25012 27224 27724 28660,2794,20941,-3,
2026-07-31 07:55:35,16,7416 11824 14980 16744 17604 18572 18684 19024 20328 21076 22892 24116 25012 27224 27724 28660,2785,20961,-3,
2026-07-31 07:55:50,16,7416 11824 14980 16744 17604 18572 18684 19024 20328 21076 22892 24116 25012 27224 27724 28660,2782,20963,-3,
2026-07-31 07:56:05,16,7416 11824 14980 16744 17604 18572 18684 19024 20328 21076 22892 24116 25012 27224 27724 28660,2782,20963,-3,
2026-07-31 07:56:20,16,7416 11824 14980 16744 17604 18572 18684 19024 20328 21076 22892 24116 25012 27224 27724 28660,2782,20963,-3,
2026-07-31 07:56:35,16,7416 11824 14980 16744 17604 18572 18684 19024 20328 21076 22892 24116 25012 27224 27724 28660,2781,20964,-3,
2026-07-31 07:56:50,16,7416 11824 14980 16744 17604 18572 18684 19024 20328 21076 22892 24116 25012 27224 27724 28660,2781,20963,-3,
2026-07-31 07:57:05,16,7416 11824 14980 16744 17604 18572 18684 19024 20328 21076 22892 24116 25012 27224 27724 28660,2780,20964,-3,
2026-07-31 07:57:20,16,7416 11824 14980 16744 17604 18572 18684 19024 20328 21076 22892 24116 25012 27224 27724 28660,2782,20960,-3,
2026-07-31 07:57:35,16,7416 11824 14980 16744 17604 18572 18684 19024 20328 21076 22892 24116 25012 27224 27724 28660,2782,20960,-3,
2026-07-31 07:57:51,16,7416 11824 14980 16744 17604 18572 18684 19024 20328 21076 22892 24116 25012 27224 27724 28660,2780,20961,-3,
2026-07-31 07:58:06,16,7416 11824 14980 16744 17604 18572 18684 19024 20328 21076 22892 24116 25012 27224 27724 28660,2781,20961,-3,
2026-07-31 07:58:21,16,7416 11824 14980 16744 17604 18572 18684 19024 20328 21076 22892 24116 25012 27224 27724 28660,2781,20961,-3,
2026-07-31 07:58:36,16,7416 11824 14980 16744 17604 18572 18684 19024 20328 21076 22892 24116 25012 27224 27724 28660,2780,20963,-3,
2026-07-31 07:58:51,16,7416 11824 14980 16744 17604 18572 18684 19024 20328 21076 22892 24116 25012 27224 27724 28660,2783,20959,-3,
2026-07-31 07:59:06,16,7416 11824 14980 16744 17604 18572 18684 19024 20328 21076 22892 24116 25012 27224 27724 28660,2780,20963,-3,
2026-07-31 07:59:21,16,7416 11824 14980 16744 17604 18572 18684 19024 20328 21076 22892 24116 25012 27224 27724 28660,2784,20925,-3,
2026-07-31 07:59:36,16,7416 11824 14980 16744 17604 18572 18684 19024 20328 21076 22892 24116 25012 27224 27724 28660,2784,20926,-3,
2026-07-31 07:59:51,16,7416 11824 14980 16744 17604 18572 18684 19024 20328 21076 22892 24116 25012 27224 27724 28660,2786,20932,-3,
2026-07-31 08:00:06,16,7416 11824 14980 16744 17604 18572 18684 19024 20328 21076 22892 24116 25012 27224 27724 28660,2786,20936,-3,
2026-07-31 08:00:21,16,7416 11824 14980 16744 17604 18572 18684 19024 20328 21076 22892 24116 25012 27224 27724 28660,2782,20955,-3,
2026-07-31 08:00:36,16,7416 11824 14980 16744 17604 18572 18684 19024 20328 21076 22892 24116 25012 27224 27724 28660,2781,20961,-3,
2026-07-31 08:00:51,16,7416 11824 14980 16744 17604 18572 18684 19024 20328 21076 22892 24116 25012 27224 27724 28660,2778,20958,-3,
2026-07-31 08:01:06,16,7416 11824 14980 16744 17604 18572 18684 19024 20328 21076 22892 24116 25012 27224 27724 28660,2777,20962,-3,
2026-07-31 08:01:21,16,7416 11824 14980 16744 17604 18572 18684 19024 20328 21076 22892 24116 25012 27224 27724 28660,2778,20958,-3,
2026-07-31 08:01:36,16,7416 11824 14980 16744 17604 18572 18684 19024 20328 21076 22892 24116 25012 27224 27724 28660,2777,20965,-3,
2026-07-31 08:01:52,16,7416 11824 14980 16744 17604 18572 18684 19024 20328 21076 22892 24116 25012 27224 27724 28660,2777,20956,-3,
2026-07-31 08:02:07,16,7416 11824 14980 16744 17604 18572 18684 19024 20328 21076 22892 24116 25012 27224 27724 28660,2776,20962,-3,
2026-07-31 08:02:22,16,7416 11824 14980 16744 17604 18572 18684 19024 20328 21076 22892 24116 25012 27224 27724 28660,2777,20959,-3,
2026-07-31 08:02:37,16,7416 11824 14980 16744 17604 18572 18684 19024 20328 21076 22892 24116 25012 27224 27724 28660,2776,20962,-3,
2026-07-31 08:02:52,16,7416 11824 14980 16744 17604 18572 18684 19024 20328 21076 22892 24116 25012 27224 27724 28660,2776,20964,-3,
2026-07-31 08:03:07,16,7416 11824 14980 16744 17604 18572 18684 19024 20328 21076 22892 24116 25012 27224 27724 28660,2776,20970,-3,
2026-07-31 08:03:22,16,7416 11824 14980 16744 17604 18572 18684 19024 20328 21076 22892 24116 25012 27224 27724 28660,2777,20964,-3,
2026-07-31 08:03:37,16,7416 11824 14980 16744 17604 18572 18684 19024 20328 21076 22892 24116 25012 27224 27724 28660,2776,20965,-3,
2026-07-31 08:03:52,16,7416 11824 14980 16744 17604 18572 18684 19024 20328 21076 22892 24116 25012 27224 27724 28660,2777,20962,-3,
2026-07-31 08:04:07,16,7416 11824 14980 16744 17604 18572 18684 19024 20328 21076 22892 24116 25012 27224 27724 28660,2777,20965,-3,
2026-07-31 08:04:22,16,7416 11824 14980 16744 17604 18572 18684 19024 20328 21076 22892 24116 25012 27224 27724 28660,2777,20964,-3,
2026-07-31 08:04:37,16,7416 11824 14980 16744 17604 18572 18684 19024 20328 21076 22892 24116 25012 27224 27724 28660,2759,20983,-3,
2026-07-31 08:04:52,16,7416 11824 14980 16744 17604 18572 18684 19024 20328 21076 22892 24116 25012 27224 27724 28660,2760,20980,-3,
2026-07-31 08:05:07,16,7416 11824 14980 16744 17604 18572 18684 19024 20328 21076 22892 24116 25012 27224 27724 28660,2760,20982,-3,
2026-07-31 08:05:22,16,7416 11824 14980 16744 17604 18572 18684 19024 20328 21076 22892 24116 25012 27224 27724 28660,2760,20981,-3,
2026-07-31 08:05:37,16,7416 11824 14980 16744 17604 18572 18684 19024 20328 21076 22892 24116 25012 27224 27724 28660,2758,20985,-3,
2026-07-31 08:05:52,16,7416 11824 14980 16744 17604 18572 18684 19024 20328 21076 22892 24116 25012 27224 27724 28660,2757,20985,-3,
2026-07-31 08:06:07,16,7416 11824 14980 16744 17604 18572 18684 19024 20328 21076 22892 24116 25012 27224 27724 28660,2757,20987,-3,
2026-07-31 08:06:23,16,7416 11824 14980 16744 17604 18572 18684 19024 20328 21076 22892 24116 25012 27224 27724 28660,2760,20983,-3,
2026-07-31 08:06:38,16,7416 11824 14980 16744 17604 18572 18684 19024 20328 21076 22892 24116 25012 27224 27724 28660,2758,20985,-3,
2026-07-31 08:06:53,16,7416 11824 14980 16744 17604 18572 18684 19024 20328 21076 22892 24116 25012 27224 27724 28660,2758,20981,-3,
2026-07-31 08:07:08,16,7416 11824 14980 16744 17604 18572 18684 19024 20328 21076 22892 24116 25012 27224 27724 28660,2758,20983,-3,
2026-07-31 08:07:23,16,7416 11824 14980 16744 17604 18572 18684 19024 20328 21076 22892 24116 25012 27224 27724 28660,2757,20984,-3,
2026-07-31 08:07:38,16,7416 11824 14980 16744 17604 18572 18684 19024 20328 21076 22892 24116 25012 27224 27724 28660,2755,20987,-3,
2026-07-31 08:07:53,16,7416 11824 14980 16744 17604 18572 18684 19024 20328 21076 22892 24116 25012 27224 27724 28660,2756,20961,-3,
2026-07-31 08:08:08,16,7416 11824 14980 16744 17604 18572 18684 19024 20328 21076 22892 24116 25012 27224 27724 28660,2756,20964,-3,
2026-07-31 08:08:23,16,7416 11824 14980 16744 17604 18572 18684 19024 20328 21076 22892 24116 25012 27224 27724 28660,2757,20964,-3,
2026-07-31 08:08:38,16,7416 11824 14980 16744 17604 18572 18684 19024 20328 21076 22892 24116 25012 27224 27724 28660,2756,20969,-3,
2026-07-31 08:08:53,15,7416 11824 14980 16744 17604 18572 18684 20328 21076 22892 24116 25012 27224 27724 28660,2291,21343,-3,
2026-07-31 08:09:08,15,7416 11824 14980 16744 17604 18572 18684 20328 21076 22892 24116 25012 27224 27724 28660,2292,21358,-3,
2026-07-31 08:09:23,15,7416 11824 14980 16744 17604 18572 18684 20328 21076 22892 24116 25012 27224 27724 28660,2292,21350,-3,
2026-07-31 08:09:38,15,7416 11824 14980 16744 17604 18572 18684 20328 21076 22892 24116 25012 27224 27724 28660,2290,21360,-3,
2026-07-31 08:09:53,15,7416 11824 14980 16744 17604 18572 18684 20328 21076 22892 24116 25012 27224 27724 28660,2291,21362,-3,
2026-07-31 08:10:09,15,7416 11824 14980 16744 17604 18572 18684 20328 21076 22892 24116 25012 27224 27724 28660,2290,21364,-3,
2026-07-31 08:10:24,15,7416 11824 14980 16744 17604 18572 18684 20328 21076 22892 24116 25012 27224 27724 28660,2291,21366,-3,
2026-07-31 08:10:39,15,7416 11824 14980 16744 17604 18572 18684 20328 21076 22892 24116 25012 27224 27724 28660,2290,21369,-3,
2026-07-31 08:10:54,15,7416 11824 14980 16744 17604 18572 18684 20328 21076 22892 24116 25012 27224 27724 28660,2292,21423,-3,
2026-07-31 08:11:09,15,7416 11824 14980 16744 17604 18572 18684 20328 21076 22892 24116 25012 27224 27724 28660,2292,21433,-3,
2026-07-31 08:11:24,15,7416 11824 14980 16744 17604 18572 18684 20328 21076 22892 24116 25012 27224 27724 28660,2293,21426,-3,
2026-07-31 08:11:39,15,7416 11824 14980 16744 17604 18572 18684 20328 21076 22892 24116 25012 27224 27724 28660,2292,21434,-3,
2026-07-31 08:11:54,15,7416 11824 14980 16744 17604 18572 18684 20328 21076 22892 24116 25012 27224 27724 28660,2291,21434,-3,
2026-07-31 08:12:09,15,7416 11824 14980 16744 17604 18572 18684 20328 21076 22892 24116 25012 27224 27724 28660,2291,21434,-3,
2026-07-31 08:12:24,15,7416 11824 14980 16744 17604 18572 18684 20328 21076 22892 24116 25012 27224 27724 28660,2292,21422,-3,
2026-07-31 08:12:39,15,7416 11824 14980 16744 17604 18572 18684 20328 21076 22892 24116 25012 27224 27724 28660,2292,21423,-3,
2026-07-31 08:12:54,15,7416 11824 14980 16744 17604 18572 18684 20328 21076 22892 24116 25012 27224 27724 28660,2291,21434,-3,
2026-07-31 08:13:09,15,7416 11824 14980 16744 17604 18572 18684 20328 21076 22892 24116 25012 27224 27724 28660,2292,21435,-3,
2026-07-31 08:13:24,15,7416 11824 14980 16744 17604 18572 18684 20328 21076 22892 24116 25012 27224 27724 28660,2292,21435,-3,
2026-07-31 08:13:39,15,7416 11824 14980 16744 17604 18572 18684 20328 21076 22892 24116 25012 27224 27724 28660,2290,21435,-3,
2026-07-31 08:13:54,15,7416 11824 14980 16744 17604 18572 18684 20328 21076 22892 24116 25012 27224 27724 28660,2291,21432,-3,
2026-07-31 08:14:10,15,7416 11824 14980 16744 17604 18572 18684 20328 21076 22892 24116 25012 27224 27724 28660,2299,21408,-3,
2026-07-31 08:14:25,15,7416 11824 14980 16744 17604 18572 18684 20328 21076 22892 24116 25012 27224 27724 28660,2295,21420,-3,
2026-07-31 08:14:40,15,7416 11824 14980 16744 17604 18572 18684 20328 21076 22892 24116 25012 27224 27724 28660,2295,21478,-3,
2026-07-31 08:14:55,15,7416 11824 14980 16744 17604 18572 18684 20328 21076 22892 24116 25012 27224 27724 28660,2296,21424,-3,
2026-07-31 08:15:10,15,7416 11824 14980 16744 17604 18572 18684 20328 21076 22892 24116 25012 27224 27724 28660,2296,21422,-3,
2026-07-31 08:15:25,15,7416 11824 14980 16744 17604 18572 18684 20328 21076 22892 24116 25012 27224 27724 28660,2295,21432,-3,
2026-07-31 08:15:40,15,7416 11824 14980 16744 17604 18572 18684 20328 21076 22892 24116 25012 27224 27724 28660,2296,21432,-3,
2026-07-31 08:15:55,15,7416 11824 14980 16744 17604 18572 18684 20328 21076 22892 24116 25012 27224 27724 28660,2296,21431,-3,
2026-07-31 08:16:10,15,7416 11824 14980 16744 17604 18572 18684 20328 21076 22892 24116 25012 27224 27724 28660,2296,21430,-3,
2026-07-31 08:16:25,15,7416 11824 14980 16744 17604 18572 18684 20328 21076 22892 24116 25012 27224 27724 28660,2296,21433,-3,
2026-07-31 08:16:40,15,7416 11824 14980 16744 17604 18572 18684 20328 21076 22892 24116 25012 27224 27724 28660,2297,21430,-3,
2026-07-31 08:16:55,15,7416 11824 14980 16744 17604 18572 18684 20328 21076 22892 24116 25012 27224 27724 28660,2297,21426,-3,
2026-07-31 08:17:10,15,7416 11824 14980 16744 17604 18572 18684 20328 21076 22892 24116 25012 27224 27724 28660,2297,21416,-3,
2026-07-31 08:17:25,15,7416 11824 14980 16744 17604 18572 18684 20328 21076 22892 24116 25012 27224 27724 28660,2296,21421,-3,
2026-07-31 08:17:40,15,7416 11824 14980 16744 17604 18572 18684 20328 21076 22892 24116 25012 27224 27724 28660,2296,21402,-3,
2026-07-31 08:17:55,15,7416 11824 14980 16744 17604 18572 18684 20328 21076 22892 24116 25012 27224 27724 28660,2296,21414,-3,
2026-07-31 08:18:11,15,7416 11824 14980 16744 17604 18572 18684 20328 21076 22892 24116 25012 27224 27724 28660,2296,21415,-3,
2026-07-31 08:18:26,15,7416 11824 14980 16744 17604 18572 18684 20328 21076 22892 24116 25012 27224 27724 28660,2295,21418,-3,
2026-07-31 08:18:41,15,7416 11824 14980 16744 17604 18572 18684 20328 21076 22892 24116 25012 27224 27724 28660,2296,21421,-3,
2026-07-31 08:18:56,15,7416 11824 14980 16744 17604 18572 18684 20328 21076 22892 24116 25012 27224 27724 28660,2296,21420,-3,
2026-07-31 08:19:11,15,7416 11824 14980 16744 17604 18572 18684 20328 21076 22892 24116 25012 27224 27724 28660,2296,21420,-3,
2026-07-31 08:19:26,15,7416 11824 14980 16744 17604 18572 18684 20328 21076 22892 24116 25012 27224 27724 28660,2295,21422,-3,
2026-07-31 08:19:41,15,7416 11824 14980 16744 17604 18572 18684 20328 21076 22892 24116 25012 27224 27724 28660,2296,21422,-3,
2026-07-31 08:19:56,15,7416 11824 14980 16744 17604 18572 18684 20328 21076 22892 24116 25012 27224 27724 28660,2296,21424,-3,
2026-07-31 08:20:11,15,7416 11824 14980 16744 17604 18572 18684 20328 21076 22892 24116 25012 27224 27724 28660,2297,21426,-3,
2026-07-31 08:20:26,15,7416 11824 14980 16744 17604 18572 18684 20328 21076 22892 24116 25012 27224 27724 28660,2296,21427,-3,
2026-07-31 08:20:41,15,7416 11824 14980 16744 17604 18572 18684 20328 21076 22892 24116 25012 27224 27724 28660,2296,21428,-3,
2026-07-31 08:20:56,15,7416 11824 14980 16744 17604 18572 18684 20328 21076 22892 24116 25012 27224 27724 28660,2297,21428,-3,
2026-07-31 08:21:11,15,7416 11824 14980 16744 17604 18572 18684 20328 21076 22892 24116 25012 27224 27724 28660,2297,21428,-3,
2026-07-31 08:21:26,15,7416 11824 14980 16744 17604 18572 18684 20328 21076 22892 24116 25012 27224 27724 28660,2297,21428,-3,
2026-07-31 08:21:41,15,7416 11824 14980 16744 17604 18572 18684 20328 21076 22892 24116 25012 27224 27724 28660,2296,21429,-3,
2026-07-31 08:21:56,15,7416 11824 14980 16744 17604 18572 18684 20328 21076 22892 24116 25012 27224 27724 28660,2295,21430,-3,
2026-07-31 08:22:11,15,7416 11824 14980 16744 17604 18572 18684 20328 21076 22892 24116 25012 27224 27724 28660,2296,21432,-3,
2026-07-31 08:22:27,15,7416 11824 14980 16744 17604 18572 18684 20328 21076 22892 24116 25012 27224 27724 28660,2297,21431,-3,
2026-07-31 08:22:42,15,7416 11824 14980 16744 17604 18572 18684 20328 21076 22892 24116 25012 27224 27724 28660,2297,21432,-3,
2026-07-31 08:22:57,15,7416 11824 14980 16744 17604 18572 18684 20328 21076 22892 24116 25012 27224 27724 28660,2297,21432,-3,
2026-07-31 08:23:12,15,7416 11824 14980 16744 17604 18572 18684 20328 21076 22892 24116 25012 27224 27724 28660,2297,21439,-3,
2026-07-31 08:23:27,15,7416 11824 14980 16744 17604 18572 18684 20328 21076 22892 24116 25012 27224 27724 28660,2297,21448,-3,
2026-07-31 08:23:42,15,7416 11824 14980 16744 17604 18572 18684 20328 21076 22892 24116 25012 27224 27724 28660,2297,21425,-3,
2026-07-31 08:23:57,11,7416 11824 14980 17604 18572 21076 22892 24116 25012 27224 28660,1656,21623,-3,
2026-07-31 08:24:12,11,7416 11824 14980 17604 18572 21076 22892 24116 25012 27224 28660,1654,21623,-3,
2026-07-31 08:24:27,11,7416 11824 14980 17604 18572 21076 22892 24116 25012 27224 28660,1654,21625,-3,
2026-07-31 08:24:42,11,7416 11824 14980 17604 18572 21076 22892 24116 25012 27224 28660,1655,21625,-3,
2026-07-31 08:24:57,11,7416 11824 14980 17604 18572 21076 22892 24116 25012 27224 28660,1654,21635,-3,
2026-07-31 08:25:12,11,7416 11824 14980 17604 18572 21076 22892 24116 25012 27224 28660,1654,21636,-3,
2026-07-31 08:25:27,11,7416 11824 14980 17604 18572 21076 22892 24116 25012 27224 28660,1654,21638,-3,
2026-07-31 08:25:42,11,7416 11824 14980 17604 18572 21076 22892 24116 25012 27224 28660,1655,21639,-3,
2026-07-31 08:25:57,11,7416 11824 14980 17604 18572 21076 22892 24116 25012 27224 28660,1654,21625,-3,
2026-07-31 08:26:12,11,7416 11824 14980 17604 18572 21076 22892 24116 25012 27224 28660,1654,21627,-3,
2026-07-31 08:26:28,11,7416 11824 14980 17604 18572 21076 22892 24116 25012 27224 28660,1654,21634,-3,
2026-07-31 08:26:43,11,7416 11824 14980 17604 18572 21076 22892 24116 25012 27224 28660,1655,21635,-3,
2026-07-31 08:26:58,11,7416 11824 14980 17604 18572 21076 22892 24116 25012 27224 28660,1655,21636,-3,
2026-07-31 08:27:13,11,7416 11824 14980 17604 18572 21076 22892 24116 25012 27224 28660,1655,21632,-3,
2026-07-31 08:27:28,11,7416 11824 14980 17604 18572 21076 22892 24116 25012 27224 28660,1655,21630,-3,
2026-07-31 08:27:43,11,7416 11824 14980 17604 18572 21076 22892 24116 25012 27224 28660,1655,21633,-3,
2026-07-31 08:27:58,11,7416 11824 14980 17604 18572 21076 22892 24116 25012 27224 28660,1654,21618,-3,
2026-07-31 08:28:13,11,7416 11824 14980 17604 18572 21076 22892 24116 25012 27224 28660,1656,21617,-3,
2026-07-31 08:28:28,11,7416 11824 14980 17604 18572 21076 22892 24116 25012 27224 28660,1655,21620,-3,
2026-07-31 08:28:43,11,7416 11824 14980 17604 18572 21076 22892 24116 25012 27224 28660,1656,21621,-3,
2026-07-31 08:28:58,11,7416 11824 14980 17604 18572 21076 22892 24116 25012 27224 28660,1655,21623,-3,
2026-07-31 08:29:13,11,7416 11824 14980 17604 18572 21076 22892 24116 25012 27224 28660,1655,21625,-3,
2026-07-31 08:29:28,11,7416 11824 14980 17604 18572 21076 22892 24116 25012 27224 28660,1654,21627,-3,
2026-07-31 08:29:43,11,7416 11824 14980 17604 18572 21076 22892 24116 25012 27224 28660,1655,21629,-3,
2026-07-31 08:29:58,11,7416 11824 14980 17604 18572 21076 22892 24116 25012 27224 28660,1654,21637,-3,
2026-07-31 08:30:13,11,7416 11824 14980 17604 18572 21076 22892 24116 25012 27224 28660,1655,21636,-3,
2026-07-31 08:30:28,11,7416 11824 14980 17604 18572 21076 22892 24116 25012 27224 28660,1654,21638,-3,
2026-07-31 08:30:44,11,7416 11824 14980 17604 18572 21076 22892 24116 25012 27224 28660,1655,21633,-3,
2026-07-31 08:30:59,11,7416 11824 14980 17604 18572 21076 22892 24116 25012 27224 28660,1655,21637,-3,
2026-07-31 08:31:14,11,7416 11824 14980 17604 18572 21076 22892 24116 25012 27224 28660,1656,21635,-3,
2026-07-31 08:31:29,11,7416 11824 14980 17604 18572 21076 22892 24116 25012 27224 28660,1655,21641,-3,
2026-07-31 08:31:44,11,7416 11824 14980 17604 18572 21076 22892 24116 25012 27224 28660,1655,21639,-3,
2026-07-31 08:31:59,11,7416 11824 14980 17604 18572 21076 22892 24116 25012 27224 28660,1655,21637,-3,
2026-07-31 08:32:14,11,7416 11824 14980 17604 18572 21076 22892 24116 25012 27224 28660,1657,21631,-3,
2026-07-31 08:32:29,11,7416 11824 14980 17604 18572 21076 22892 24116 25012 27224 28660,1655,21635,-3,
2026-07-31 08:32:44,11,7416 11824 14980 17604 18572 21076 22892 24116 25012 27224 28660,1656,21626,-3,
2026-07-31 08:32:59,11,7416 11824 14980 17604 18572 21076 22892 24116 25012 27224 28660,1655,21631,-3,
2026-07-31 08:33:14,11,7416 11824 14980 17604 18572 21076 22892 24116 25012 27224 28660,1656,21682,-3,
2026-07-31 08:33:29,11,7416 11824 14980 17604 18572 21076 22892 24116 25012 27224 28660,1655,21627,-3,
2026-07-31 08:33:44,11,7416 11824 14980 17604 18572 21076 22892 24116 25012 27224 28660,1656,21612,-3,
2026-07-31 08:33:59,11,7416 11824 14980 17604 18572 21076 22892 24116 25012 27224 28660,1657,21625,-3,
2026-07-31 08:34:14,11,7416 11824 14980 17604 18572 21076 22892 24116 25012 27224 28660,1656,21635,-3,
2026-07-31 08:34:29,11,7416 11824 14980 17604 18572 21076 22892 24116 25012 27224 28660,1656,21636,-3,
2026-07-31 08:34:44,11,7416 11824 14980 17604 18572 21076 22892 24116 25012 27224 28660,1657,21637,-3,
2026-07-31 08:35:00,11,7416 11824 14980 17604 18572 21076 22892 24116 25012 27224 28660,1657,21636,-3,
2026-07-31 08:35:15,11,7416 11824 14980 17604 18572 21076 22892 24116 25012 27224 28660,1657,21639,-3,
2026-07-31 08:35:30,11,7416 11824 14980 17604 18572 21076 22892 24116 25012 27224 28660,1656,21640,-3,
2026-07-31 08:35:45,11,7416 11824 14980 17604 18572 21076 22892 24116 25012 27224 28660,1656,21642,-3,
2026-07-31 08:36:00,11,7416 11824 14980 17604 18572 21076 22892 24116 25012 27224 28660,1656,21637,-3,
2026-07-31 08:36:15,11,7416 11824 14980 17604 18572 21076 22892 24116 25012 27224 28660,1656,21641,-3,
2026-07-31 08:36:30,11,7416 11824 14980 17604 18572 21076 22892 24116 25012 27224 28660,1656,21641,-3,
2026-07-31 08:36:45,11,7416 11824 14980 17604 18572 21076 22892 24116 25012 27224 28660,1657,21642,-3,
2026-07-31 08:37:00,11,7416 11824 14980 17604 18572 21076 22892 24116 25012 27224 28660,1656,21636,-3,
2026-07-31 08:37:15,11,7416 11824 14980 17604 18572 21076 22892 24116 25012 27224 28660,1656,21639,-3,
2026-07-31 08:37:30,11,7416 11824 14980 17604 18572 21076 22892 24116 25012 27224 28660,1656,21638,-3,
2026-07-31 08:37:45,12,7416 11824 13460 14980 17604 18572 21076 22892 24116 25012 27224 28660,2131,21084,-3,
2026-07-31 08:38:00,12,7416 11824 13460 14980 17604 18572 21076 22892 24116 25012 27224 28660,2128,21092,-3,
2026-07-31 08:38:15,12,7416 11824 13460 14980 17604 18572 21076 22892 24116 25012 27224 28660,2003,21247,-3,
2026-07-31 08:38:30,12,7416 11824 13460 14980 17604 18572 21076 22892 24116 25012 27224 28660,2003,21266,-3,
2026-07-31 08:38:45,12,7416 11824 13460 14980 17604 18572 21076 22892 24116 25012 27224 28660,1979,21291,-3,
2026-07-31 08:39:00,12,7416 11824 13460 14980 17604 18572 21076 22892 24116 25012 27224 28660,1979,21293,-3,
2026-07-31 08:39:16,12,7416 11824 13460 14980 17604 18572 21076 22892 24116 25012 27224 28660,1979,21295,-3,
2026-07-31 08:39:31,12,7416 11824 13460 14980 17604 18572 21076 22892 24116 25012 27224 28660,1971,21303,-3,
2026-07-31 08:39:46,12,7416 11824 13460 14980 17604 18572 21076 22892 24116 25012 27224 28660,1971,21289,-3,
2026-07-31 08:40:01,12,7416 11824 13460 14980 17604 18572 21076 22892 24116 25012 27224 28660,1965,21290,-3,
2026-07-31 08:40:16,12,7416 11824 13460 14980 17604 18572 21076 22892 24116 25012 27224 28660,1963,21346,-3,
2026-07-31 08:40:31,12,7416 11824 13460 14980 17604 18572 21076 22892 24116 25012 27224 28660,1963,21291,-3,
2026-07-31 08:40:46,12,7416 11824 13460 14980 17604 18572 21076 22892 24116 25012 27224 28660,1963,21293,-3,
2026-07-31 08:41:01,12,7416 11824 13460 14980 17604 18572 21076 22892 24116 25012 27224 28660,1963,21306,-3,
2026-07-31 08:41:16,12,7416 11824 13460 14980 17604 18572 21076 22892 24116 25012 27224 28660,1963,21309,-3,
2026-07-31 08:41:31,12,7416 11824 13460 14980 17604 18572 21076 22892 24116 25012 27224 28660,1963,21309,-3,
2026-07-31 08:41:46,12,7416 11824 13460 14980 17604 18572 21076 22892 24116 25012 27224 28660,1963,21310,-3,
2026-07-31 08:42:01,12,7416 11824 13460 14980 17604 18572 21076 22892 24116 25012 27224 28660,1963,21222,-3,
2026-07-31 08:42:16,12,7416 11824 13460 14980 17604 18572 21076 22892 24116 25012 27224 28660,1963,21243,-3,
2026-07-31 08:42:31,12,7416 11824 13460 14980 17604 18572 21076 22892 24116 25012 27224 28660,1963,21246,-3,
2026-07-31 08:42:46,12,7416 11824 13460 14980 17604 18572 21076 22892 24116 25012 27224 28660,1965,21154,-3,
2026-07-31 08:43:01,12,7416 11824 13460 14980 17604 18572 21076 22892 24116 25012 27224 28660,2075,21022,-3,
2026-07-31 08:43:16,12,7416 11824 13460 14980 17604 18572 21076 22892 24116 25012 27224 28660,2015,21116,-3,
2026-07-31 08:43:32,12,7416 11824 13460 14980 17604 18572 21076 22892 24116 25012 27224 28660,2008,21129,-3,
2026-07-31 08:43:47,12,7416 11824 13460 14980 17604 18572 21076 22892 24116 25012 27224 28660,2012,21125,-3,
2026-07-31 08:44:02,12,7416 11824 13460 14980 17604 18572 21076 22892 24116 25012 27224 28660,2020,21133,-3,
2026-07-31 08:44:17,12,7416 11824 13460 14980 17604 18572 21076 22892 24116 25012 27224 28660,2014,21146,-3,
2026-07-31 08:44:32,12,7416 11824 13460 14980 17604 18572 21076 22892 24116 25012 27224 28660,2008,21165,-3,
2026-07-31 08:44:47,12,7416 11824 13460 14980 17604 18572 21076 22892 24116 25012 27224 28660,1998,21175,-3,
2026-07-31 08:45:02,12,7416 11824 13460 14980 17604 18572 21076 22892 24116 25012 27224 28660,2009,21175,-3,
2026-07-31 08:45:17,12,7416 11824 13460 14980 17604 18572 21076 22892 24116 25012 27224 28660,1996,21189,-3,
2026-07-31 08:45:32,12,7416 11824 13460 14980 17604 18572 21076 22892 24116 25012 27224 28660,1997,21171,-3,
2026-07-31 08:45:47,12,7416 11824 13460 14980 17604 18572 21076 22892 24116 25012 27224 28660,1991,21183,-3,
2026-07-31 08:46:02,12,7416 11824 13460 14980 17604 18572 21076 22892 24116 25012 27224 28660,1995,21266,-3,
2026-07-31 08:46:17,12,7416 11824 13460 14980 17604 18572 21076 22892 24116 25012 27224 28660,1994,21300,-3,
2026-07-31 08:46:32,12,7416 11824 13460 14980 17604 18572 21076 22892 24116 25012 27224 28660,2002,21237,-3,
2026-07-31 08:46:47,12,7416 11824 13460 14980 17604 18572 21076 22892 24116 25012 27224 28660,2004,21235,-3,
2026-07-31 08:47:02,12,7416 11824 13460 14980 17604 18572 21076 22892 24116 25012 27224 28660,2045,21185,-3,
2026-07-31 08:47:18,12,7416 11824 13460 14980 17604 18572 21076 22892 24116 25012 27224 28660,2006,21223,-3,
2026-07-31 08:47:33,12,7416 11824 13460 14980 17604 18572 21076 22892 24116 25012 27224 28660,2093,21124,-3,
2026-07-31 08:47:48,12,7416 11824 13460 14980 17604 18572 21076 22892 24116 25012 27224 28660,2077,21130,-3,
2026-07-31 08:48:03,12,7416 11824 13460 14980 17604 18572 21076 22892 24116 25012 27224 28660,2140,21073,-3,
2026-07-31 08:48:18,12,7416 11824 13460 14980 17604 18572 21076 22892 24116 25012 27224 28660,2114,21151,-3,
2026-07-31 08:48:33,12,7416 11824 13460 14980 17604 18572 21076 22892 24116 25012 27224 28660,2142,21127,-3,
2026-07-31 08:48:48,12,7416 11824 13460 14980 17604 18572 21076 22892 24116 25012 27224 28660,2146,21132,-3,
2026-07-31 08:49:03,12,7416 11824 13460 14980 17604 18572 21076 22892 24116 25012 27224 28660,2119,21157,-3,
2026-07-31 08:49:18,12,7416 11824 13460 14980 17604 18572 21076 22892 24116 25012 27224 28660,2159,21114,-3,
